Tanggal,YEAR,DOY,Suhu,Kelembapan_Udara,Tekanan_Udara,Kecepatan_Angin,Radiasi_Gelombang_Panjang,Kelembapan_Tanah,Suhu_Maksimum,Suhu_Minimum,Curah_Hujan
2020-01-01,2020,1,23.26,91.89,94.19,2.12,35.03,0.75,25.75,21.66,32.7
2020-01-02,2020,2,23.64,85.47,94.28,2.14,35.45,0.74,27.45,21.03,1.76
2020-01-03,2020,3,23.59,88.82,94.13,2.47,35.33,0.73,26.78,21.48,12.3
2020-01-04,2020,4,23.63,87.96,94.0,2.36,35.66,0.73,26.8,20.86,3.93
2020-01-05,2020,5,23.8,90.65,94.01,1.9,35.43,0.72,26.38,22.0,7.45
2020-01-06,2020,6,23.64,90.79,94.04,2.01,35.49,0.74,25.96,21.8,22.67
2020-01-07,2020,7,23.12,91.35,93.99,2.24,35.73,0.77,25.48,21.52,38.48
2020-01-08,2020,8,24.04,88.12,93.94,2.04,35.84,0.8,27.76,21.14,15.81
2020-01-09,2020,9,23.53,91.1,93.88,1.81,35.92,0.79,25.71,22.15,11.8
2020-01-10,2020,10,23.53,90.0,93.9,1.59,35.28,0.78,27.06,21.27,15.43
2020-01-11,2020,11,22.78,89.38,93.98,1.36,35.04,0.79,25.44,21.04,22.31
2020-01-12,2020,12,23.53,89.15,93.93,2.31,34.51,0.79,26.6,21.08,2.25
2020-01-13,2020,13,23.98,86.04,93.9,2.42,34.29,0.78,28.15,21.06,5.69
2020-01-14,2020,14,24.15,84.43,93.98,1.82,35.16,0.78,28.99,20.92,1.47
2020-01-15,2020,15,24.75,85.75,94.06,1.45,35.52,0.76,29.49,21.31,0.54
2020-01-16,2020,16,24.37,87.05,94.11,1.4,35.28,0.76,27.65,22.05,3.65
2020-01-17,2020,17,24.51,82.59,94.12,1.42,34.45,0.76,29.41,21.13,6.87
2020-01-18,2020,18,24.55,78.98,94.12,0.84,34.36,0.76,28.97,20.79,2.78
2020-01-19,2020,19,24.92,79.51,94.14,0.95,35.56,0.75,29.61,20.85,0.11
2020-01-20,2020,20,24.91,82.34,94.15,1.03,35.17,0.75,29.29,21.39,3.35
2020-01-21,2020,21,24.92,84.28,94.2,1.07,35.33,0.75,29.26,21.65,3.21
2020-01-22,2020,22,25.28,80.92,94.2,0.69,35.82,0.74,29.81,21.46,2.26
2020-01-23,2020,23,24.2,91.12,94.03,0.95,36.15,0.74,26.7,22.56,5.47
2020-01-24,2020,24,24.68,88.84,94.05,1.14,35.72,0.75,28.01,22.66,2.7
2020-01-25,2020,25,24.78,88.27,94.07,1.49,36.02,0.76,29.18,22.16,39.01
2020-01-26,2020,26,24.09,88.45,94.01,2.29,35.64,0.82,27.49,21.76,37.82
2020-01-27,2020,27,24.7,82.13,94.04,0.87,35.52,0.8,29.11,20.78,1.55
2020-01-28,2020,28,25.52,83.43,94.05,0.46,35.7,0.78,29.64,22.35,0.85
2020-01-29,2020,29,25.06,88.21,94.08,0.92,35.42,0.78,28.12,22.96,1.56
2020-01-30,2020,30,23.22,92.47,94.1,1.75,35.15,0.78,25.13,21.1,3.51
2020-01-31,2020,31,24.12,86.17,94.09,1.21,34.84,0.78,28.19,20.6,10.1
2020-02-01,2020,32,24.19,87.72,94.18,1.01,35.26,0.79,27.51,22.41,8.93
2020-02-02,2020,33,24.68,83.59,94.21,0.99,35.55,0.79,28.71,21.95,3.59
2020-02-03,2020,34,24.57,86.25,94.18,0.91,35.17,0.79,28.27,21.79,19.11
2020-02-04,2020,35,24.27,87.7,94.1,0.94,35.23,0.81,27.77,22.26,16.76
2020-02-05,2020,36,24.38,86.24,94.07,1.51,34.86,0.82,28.7,21.6,13.0
2020-02-06,2020,37,23.91,88.53,94.06,1.54,34.95,0.82,26.94,21.68,4.9
2020-02-07,2020,38,23.89,90.48,94.07,1.73,35.03,0.82,27.17,21.57,25.22
2020-02-08,2020,39,23.62,88.52,94.15,2.22,35.08,0.84,26.85,21.46,4.46
2020-02-09,2020,40,23.21,87.71,94.22,1.85,35.2,0.82,26.65,20.73,2.67
2020-02-10,2020,41,22.95,89.65,94.2,1.6,35.0,0.82,25.69,20.55,4.44
2020-02-11,2020,42,23.02,87.88,94.28,1.32,35.24,0.82,26.19,20.77,11.89
2020-02-12,2020,43,23.85,87.9,94.25,0.88,35.39,0.83,27.15,20.9,5.63
2020-02-13,2020,44,24.68,86.42,94.14,0.89,35.54,0.82,28.44,22.02,2.23
2020-02-14,2020,45,25.12,85.25,94.06,0.76,35.72,0.81,29.36,21.54,0.45
2020-02-15,2020,46,24.46,92.35,94.16,1.22,35.31,0.82,26.92,23.09,14.83
2020-02-16,2020,47,24.67,87.22,94.2,1.29,35.18,0.83,28.41,22.17,7.64
2020-02-17,2020,48,23.19,85.4,94.27,1.39,35.3,0.84,25.8,20.8,14.54
2020-02-18,2020,49,23.09,89.41,94.16,1.45,35.13,0.84,26.88,20.49,15.2
2020-02-19,2020,50,22.92,90.59,94.13,2.11,35.05,0.86,26.11,21.08,31.61
2020-02-20,2020,51,22.99,91.67,94.13,2.01,35.53,0.9,25.45,21.05,46.34
2020-02-21,2020,52,23.57,89.16,94.24,1.88,35.17,0.89,26.8,20.61,9.04
2020-02-22,2020,53,24.46,86.54,94.26,1.27,35.52,0.89,28.36,21.65,35.55
2020-02-23,2020,54,24.45,86.84,94.12,1.31,35.18,0.91,28.14,22.22,12.47
2020-02-24,2020,55,23.72,93.16,94.03,2.0,35.69,0.9,26.12,21.87,13.73
2020-02-25,2020,56,23.95,91.55,94.08,2.11,35.73,0.9,27.0,21.45,15.91
2020-02-26,2020,57,24.15,87.94,94.05,1.51,35.56,0.9,27.45,21.47,1.9
2020-02-27,2020,58,23.86,90.41,94.04,1.76,35.61,0.91,26.87,21.66,19.66
2020-02-28,2020,59,23.62,94.17,93.95,1.47,35.77,0.91,25.56,22.21,12.05
2020-02-29,2020,60,24.03,92.01,93.9,1.76,35.75,0.92,26.51,22.29,22.28
2020-03-01,2020,61,23.91,91.78,94.0,1.72,35.73,0.94,26.25,22.13,27.63
2020-03-02,2020,62,24.51,89.32,93.98,1.86,35.78,0.94,28.11,21.92,9.5
2020-03-03,2020,63,24.44,89.68,94.03,1.26,35.93,0.95,27.86,21.63,26.95
2020-03-04,2020,64,23.79,93.07,94.1,1.83,35.8,0.96,26.3,22.06,29.52
2020-03-05,2020,65,22.77,93.8,94.11,2.42,35.22,0.97,24.16,20.83,22.29
2020-03-06,2020,66,23.58,89.41,94.17,1.88,35.2,0.96,27.2,19.75,14.93
2020-03-07,2020,67,23.47,91.89,94.19,2.38,35.39,0.96,25.62,21.62,6.55
2020-03-08,2020,68,22.85,92.46,94.14,2.27,35.57,0.96,24.92,21.38,7.44
2020-03-09,2020,69,23.15,92.03,94.08,2.71,35.02,0.96,26.0,21.36,4.21
2020-03-10,2020,70,23.74,90.49,93.97,1.84,35.46,0.96,26.6,21.36,0.15
2020-03-11,2020,71,24.1,88.29,94.04,1.33,35.97,0.95,27.42,21.14,11.24
2020-03-12,2020,72,24.11,88.99,94.21,1.55,35.22,0.95,27.2,21.59,3.2
2020-03-13,2020,73,23.91,89.55,94.28,1.21,35.27,0.95,27.21,20.92,0.83
2020-03-14,2020,74,24.83,84.48,94.13,0.64,35.4,0.94,28.33,21.62,1.58
2020-03-15,2020,75,24.58,89.59,94.08,1.04,35.78,0.94,27.83,22.39,13.59
2020-03-16,2020,76,24.32,89.58,94.16,1.21,35.25,0.95,27.42,22.26,8.73
2020-03-17,2020,77,24.34,90.23,94.13,1.35,35.73,0.95,27.38,21.82,8.53
2020-03-18,2020,78,24.17,88.22,94.06,0.64,36.12,0.95,26.86,22.15,24.73
2020-03-19,2020,79,24.65,84.99,94.12,0.43,36.15,0.95,28.83,21.62,10.96
2020-03-20,2020,80,23.47,92.72,94.11,0.81,35.77,0.95,25.85,21.71,37.95
2020-03-21,2020,81,24.08,87.02,94.17,1.19,35.2,0.96,28.31,20.44,17.74
2020-03-22,2020,82,24.32,87.03,94.14,1.24,34.93,0.97,28.03,21.57,13.04
2020-03-23,2020,83,23.59,89.17,94.13,0.64,35.62,0.97,25.85,21.89,15.23
2020-03-24,2020,84,23.84,88.37,94.0,0.68,35.32,0.96,26.91,21.5,1.37
2020-03-25,2020,85,23.87,90.96,93.98,1.36,35.61,0.96,26.75,22.29,4.23
2020-03-26,2020,86,24.49,89.38,93.99,1.96,35.6,0.96,27.91,21.64,15.95
2020-03-27,2020,87,25.09,88.14,93.99,1.02,35.54,0.96,28.93,22.42,4.18
2020-03-28,2020,88,24.84,87.47,93.98,1.15,35.69,0.95,28.23,22.42,0.57
2020-03-29,2020,89,24.58,87.17,93.91,0.59,35.82,0.95,28.04,22.06,2.76
2020-03-30,2020,90,23.8,93.37,93.95,1.27,35.82,0.95,26.2,22.23,3.8
2020-03-31,2020,91,24.16,90.38,93.95,0.55,35.87,0.95,27.72,21.51,9.38
2020-04-01,2020,92,23.71,95.32,93.81,1.34,36.0,0.96,25.7,22.53,18.64
2020-04-02,2020,93,23.47,95.55,93.88,1.66,36.08,0.96,25.47,22.48,5.06
2020-04-03,2020,94,23.35,95.84,93.99,1.92,35.95,0.96,25.16,21.94,9.77
2020-04-04,2020,95,23.39,93.43,94.07,1.13,35.96,0.96,26.02,21.43,3.06
2020-04-05,2020,96,24.05,94.81,94.1,1.17,35.75,0.96,25.81,22.72,3.12
2020-04-06,2020,97,24.33,86.51,94.11,0.71,35.72,0.96,27.32,22.42,2.69
2020-04-07,2020,98,23.78,90.06,94.06,0.98,35.1,0.96,27.09,21.19,4.32
2020-04-08,2020,99,23.43,90.68,94.15,0.9,35.15,0.96,25.39,22.21,13.89
2020-04-09,2020,100,24.59,85.55,94.19,0.94,35.13,0.95,28.69,21.44,2.71
2020-04-10,2020,101,24.45,87.38,94.24,1.68,35.22,0.95,28.38,21.69,11.05
2020-04-11,2020,102,24.31,88.81,94.18,1.69,34.95,0.95,27.92,21.76,5.73
2020-04-12,2020,103,23.97,87.84,94.12,1.62,34.97,0.95,27.47,21.54,7.85
2020-04-13,2020,104,23.89,84.98,94.11,1.2,34.98,0.95,28.14,20.51,16.44
2020-04-14,2020,105,24.29,85.15,94.13,0.75,35.22,0.95,28.67,20.75,4.41
2020-04-15,2020,106,24.63,87.5,94.15,0.73,35.61,0.95,28.63,21.6,3.43
2020-04-16,2020,107,25.0,84.76,94.1,0.71,35.73,0.94,28.75,22.26,1.75
2020-04-17,2020,108,24.23,89.53,94.15,0.91,35.75,0.94,27.44,22.29,6.75
2020-04-18,2020,109,24.26,86.35,94.16,0.73,35.15,0.94,28.36,21.62,31.79
2020-04-19,2020,110,24.58,82.35,94.15,1.09,35.39,0.94,28.81,20.74,3.17
2020-04-20,2020,111,24.59,87.89,94.1,0.76,36.06,0.94,27.85,22.29,18.6
2020-04-21,2020,112,24.26,92.36,94.04,1.22,36.06,0.96,26.8,22.16,24.18
2020-04-22,2020,113,24.71,88.09,94.06,1.49,35.56,0.95,28.27,21.71,1.09
2020-04-23,2020,114,24.81,90.18,93.99,1.81,35.38,0.94,28.01,22.15,2.41
2020-04-24,2020,115,24.42,88.82,94.01,1.86,35.08,0.94,27.17,21.95,8.87
2020-04-25,2020,116,23.54,88.76,94.1,1.24,35.05,0.94,26.79,20.78,2.43
2020-04-26,2020,117,24.07,89.28,94.09,1.2,34.99,0.94,27.12,21.54,4.6
2020-04-27,2020,118,24.01,91.79,94.07,1.74,35.69,0.94,26.79,22.4,4.43
2020-04-28,2020,119,23.43,92.2,94.07,1.5,35.2,0.94,26.3,21.93,6.9
2020-04-29,2020,120,23.53,89.86,94.06,1.87,36.03,0.94,26.82,21.27,1.97
2020-04-30,2020,121,23.86,89.7,94.1,1.98,34.91,0.93,27.42,21.38,0.63
2020-05-01,2020,122,23.67,91.42,94.01,1.91,35.42,0.93,26.58,21.88,8.86
2020-05-02,2020,123,23.14,89.91,94.0,1.65,35.16,0.93,25.67,20.97,4.31
2020-05-03,2020,124,23.94,87.72,94.03,1.14,34.98,0.93,27.86,20.14,2.03
2020-05-04,2020,125,24.68,90.39,94.01,1.48,36.04,0.92,28.53,21.6,7.22
2020-05-05,2020,126,24.83,89.89,94.03,1.56,35.95,0.93,28.22,22.44,8.4
2020-05-06,2020,127,24.48,91.35,94.0,1.63,36.2,0.92,27.95,22.97,6.99
2020-05-07,2020,128,24.56,88.58,94.05,1.63,35.54,0.92,28.46,22.05,3.79
2020-05-08,2020,129,24.61,90.69,94.02,1.56,35.37,0.91,27.8,21.93,1.12
2020-05-09,2020,130,23.78,95.43,94.05,1.12,35.42,0.92,25.19,22.1,12.51
2020-05-10,2020,131,23.61,89.96,94.11,1.39,35.29,0.92,27.25,21.05,4.08
2020-05-11,2020,132,23.28,95.01,94.1,1.58,36.05,0.93,24.61,22.38,21.04
2020-05-12,2020,133,24.28,89.54,94.09,1.74,35.52,0.92,27.72,21.64,0.18
2020-05-13,2020,134,23.85,90.2,94.1,2.31,34.62,0.92,27.22,21.34,0.3
2020-05-14,2020,135,23.71,90.69,94.01,2.37,34.9,0.91,27.28,21.3,1.51
2020-05-15,2020,136,24.09,89.69,93.95,2.08,35.02,0.91,27.85,21.5,9.13
2020-05-16,2020,137,24.23,91.24,93.86,2.29,35.25,0.92,27.41,21.88,11.13
2020-05-17,2020,138,24.28,92.1,93.85,1.99,35.62,0.92,27.18,22.2,9.37
2020-05-18,2020,139,23.5,94.42,93.91,1.71,35.38,0.93,25.14,22.43,23.81
2020-05-19,2020,140,24.1,92.67,93.94,1.83,35.81,0.95,27.02,22.0,21.9
2020-05-20,2020,141,24.17,90.39,93.96,1.47,35.68,0.95,27.37,21.96,19.51
2020-05-21,2020,142,23.35,91.83,94.1,1.66,35.95,0.96,26.39,21.5,13.76
2020-05-22,2020,143,24.36,82.11,94.11,0.72,35.01,0.95,27.79,20.91,1.01
2020-05-23,2020,144,24.09,87.21,94.17,1.06,34.24,0.94,27.77,21.59,0.45
2020-05-24,2020,145,24.0,86.89,94.25,1.12,34.52,0.94,28.4,20.72,2.81
2020-05-25,2020,146,24.16,86.86,94.26,0.93,35.36,0.94,28.08,20.93,18.4
2020-05-26,2020,147,24.08,92.09,94.19,1.12,35.87,0.95,27.23,22.11,12.76
2020-05-27,2020,148,23.36,92.41,94.25,1.03,35.25,0.95,25.4,21.85,32.8
2020-05-28,2020,149,23.19,90.04,94.24,0.45,35.39,0.95,25.86,21.21,29.57
2020-05-29,2020,150,23.93,93.38,94.21,1.5,35.48,0.97,27.13,21.71,104.32
2020-05-30,2020,151,24.23,92.5,94.18,1.89,35.43,0.99,27.03,21.84,61.45
2020-05-31,2020,152,23.72,91.97,94.26,1.52,35.46,0.99,26.04,21.69,22.28
2020-06-01,2020,153,23.46,89.16,94.24,1.29,35.03,0.99,26.15,20.94,8.38
2020-06-02,2020,154,23.53,88.6,94.22,0.95,35.76,0.99,26.46,21.66,10.66
2020-06-03,2020,155,23.25,90.78,94.21,1.82,34.95,0.99,26.23,21.2,4.22
2020-06-04,2020,156,22.93,92.06,94.21,2.26,34.05,0.98,25.79,20.92,2.65
2020-06-05,2020,157,22.68,90.23,94.22,2.08,34.65,0.98,26.32,19.88,7.86
2020-06-06,2020,158,22.85,91.29,94.16,2.35,34.53,0.98,26.48,20.36,7.0
2020-06-07,2020,159,22.83,90.81,94.03,1.94,34.58,0.98,26.35,20.18,1.54
2020-06-08,2020,160,23.2,90.48,94.07,1.57,34.91,0.97,27.1,20.46,12.66
2020-06-09,2020,161,23.39,90.15,94.11,1.54,35.19,0.97,27.36,20.61,6.49
2020-06-10,2020,162,23.33,89.72,94.1,1.77,34.48,0.97,27.12,20.71,1.4
2020-06-11,2020,163,22.98,90.52,94.02,1.74,34.09,0.96,26.64,20.44,0.57
2020-06-12,2020,164,22.62,90.36,93.96,1.6,33.21,0.96,26.39,19.94,0.27
2020-06-13,2020,165,22.73,90.23,94.04,1.74,33.34,0.95,26.57,19.82,0.65
2020-06-14,2020,166,23.17,91.88,94.13,1.78,35.11,0.95,26.38,20.2,0.92
2020-06-15,2020,167,23.86,92.7,94.11,1.75,35.27,0.95,26.51,22.19,35.56
2020-06-16,2020,168,23.79,91.35,94.06,1.8,34.34,0.96,27.33,21.5,3.37
2020-06-17,2020,169,23.31,91.3,94.15,2.11,34.13,0.95,26.68,20.61,3.42
2020-06-18,2020,170,23.7,91.23,94.12,2.36,34.77,0.95,27.1,21.63,7.75
2020-06-19,2020,171,23.07,91.49,94.19,2.43,34.58,0.95,26.21,20.98,8.15
2020-06-20,2020,172,22.38,91.81,94.12,1.99,33.98,0.95,25.53,20.03,0.41
2020-06-21,2020,173,23.01,90.88,94.0,1.79,34.59,0.94,26.39,20.0,0.87
2020-06-22,2020,174,22.84,91.87,94.0,1.95,34.92,0.94,25.76,20.96,2.85
2020-06-23,2020,175,22.65,89.83,94.08,1.91,33.95,0.93,25.95,19.82,0.38
2020-06-24,2020,176,22.63,90.44,94.12,2.22,34.22,0.93,26.03,20.54,3.12
2020-06-25,2020,177,22.28,90.69,94.06,1.73,33.68,0.93,26.27,19.33,5.66
2020-06-26,2020,178,21.89,89.93,94.08,1.68,33.03,0.93,25.91,18.65,4.13
2020-06-27,2020,179,22.0,88.97,94.14,1.41,33.25,0.93,26.39,18.68,3.99
2020-06-28,2020,180,21.99,88.99,94.19,1.59,32.84,0.92,26.23,18.9,0.44
2020-06-29,2020,181,22.3,91.32,94.14,2.23,33.77,0.91,26.14,19.84,1.15
2020-06-30,2020,182,22.2,90.33,94.1,2.2,33.37,0.91,26.09,19.15,0.33
2020-07-01,2020,183,22.11,90.9,94.09,2.29,34.67,0.9,25.89,19.29,0.82
2020-07-02,2020,184,22.7,90.24,94.1,1.61,35.12,0.91,26.66,19.69,31.46
2020-07-03,2020,185,21.44,92.84,94.18,2.2,34.52,0.93,23.37,19.75,11.79
2020-07-04,2020,186,21.75,87.88,94.15,1.77,32.78,0.92,26.13,18.74,0.13
2020-07-05,2020,187,21.81,88.6,94.07,1.64,34.25,0.91,26.33,17.85,3.16
2020-07-06,2020,188,22.3,91.97,94.09,2.36,35.36,0.92,25.73,19.69,14.5
2020-07-07,2020,189,22.39,91.01,94.13,2.5,34.85,0.92,25.88,20.11,1.54
2020-07-08,2020,190,22.05,91.1,94.08,2.31,33.58,0.91,25.61,19.61,0.59
2020-07-09,2020,191,22.3,91.27,94.0,2.52,34.23,0.91,25.86,19.9,2.89
2020-07-10,2020,192,22.23,91.26,94.09,2.12,34.3,0.91,25.66,20.19,5.09
2020-07-11,2020,193,22.77,90.46,94.1,1.9,34.04,0.9,26.46,20.3,1.23
2020-07-12,2020,194,22.5,91.0,94.06,2.06,35.07,0.9,26.04,20.26,0.26
2020-07-13,2020,195,22.72,89.75,94.02,1.6,34.47,0.89,26.88,19.65,0.05
2020-07-14,2020,196,22.87,89.89,94.04,1.68,35.06,0.89,26.6,20.33,3.14
2020-07-15,2020,197,22.57,89.47,94.03,1.8,34.94,0.89,26.31,19.98,2.13
2020-07-16,2020,198,23.01,89.35,93.98,1.44,34.82,0.88,27.16,19.93,0.31
2020-07-17,2020,199,22.89,89.32,93.99,1.52,33.87,0.88,27.39,20.04,1.56
2020-07-18,2020,200,22.13,88.65,94.07,1.91,33.97,0.87,26.1,19.53,1.18
2020-07-19,2020,201,22.29,89.66,94.01,1.99,34.52,0.87,26.97,18.61,17.96
2020-07-20,2020,202,22.92,89.9,93.99,2.03,35.31,0.89,26.89,20.22,4.24
2020-07-21,2020,203,22.91,90.81,94.01,1.99,35.38,0.88,26.87,20.36,0.75
2020-07-22,2020,204,22.8,89.78,94.02,2.04,34.31,0.87,26.67,20.0,0.1
2020-07-23,2020,205,22.21,88.65,94.04,2.45,33.44,0.86,26.11,19.84,0.0
2020-07-24,2020,206,21.65,88.22,94.09,2.34,32.79,0.86,26.04,18.61,0.55
2020-07-25,2020,207,20.73,88.25,94.18,2.73,31.82,0.85,24.71,18.42,0.41
2020-07-26,2020,208,20.96,87.45,94.14,2.34,31.93,0.85,25.55,17.92,0.0
2020-07-27,2020,209,21.03,88.76,94.13,2.22,32.33,0.84,25.67,17.54,0.0
2020-07-28,2020,210,21.33,88.97,94.12,2.81,33.05,0.84,25.45,18.52,0.0
2020-07-29,2020,211,20.64,89.12,94.15,2.89,32.13,0.84,24.88,17.37,0.0
2020-07-30,2020,212,20.08,85.59,94.19,1.75,31.16,0.83,24.83,16.01,0.0
2020-07-31,2020,213,20.83,88.88,94.15,1.87,32.95,0.83,25.12,16.98,0.01
2020-08-01,2020,214,21.3,89.54,94.12,2.37,33.67,0.82,25.89,18.07,0.0
2020-08-02,2020,215,21.04,88.05,94.09,2.17,33.91,0.82,25.66,17.91,0.0
2020-08-03,2020,216,21.67,87.37,94.01,1.4,34.05,0.81,26.94,17.5,0.04
2020-08-04,2020,217,22.13,89.1,94.0,1.9,35.28,0.81,26.46,19.12,0.04
2020-08-05,2020,218,22.27,89.11,94.07,1.89,34.67,0.81,26.38,19.7,0.09
2020-08-06,2020,219,22.14,88.96,94.08,2.25,33.84,0.8,26.74,19.03,0.02
2020-08-07,2020,220,21.79,88.8,94.08,2.15,34.7,0.8,26.42,18.81,0.02
2020-08-08,2020,221,21.64,87.57,94.04,1.39,34.44,0.79,26.79,17.06,0.0
2020-08-09,2020,222,22.38,87.01,94.1,1.19,33.84,0.79,27.85,18.13,1.1
2020-08-10,2020,223,22.52,87.09,94.17,1.58,34.55,0.79,27.73,18.37,0.24
2020-08-11,2020,224,22.7,89.91,94.24,1.59,35.41,0.79,26.95,19.56,1.96
2020-08-12,2020,225,23.24,89.98,94.23,2.14,35.62,0.78,27.5,20.46,0.84
2020-08-13,2020,226,23.13,90.25,94.12,2.51,35.58,0.78,27.03,20.95,6.82
2020-08-14,2020,227,23.24,89.08,94.05,1.58,35.67,0.79,27.16,20.61,4.88
2020-08-15,2020,228,23.45,88.74,94.08,1.64,35.31,0.8,27.6,20.66,18.02
2020-08-16,2020,229,23.14,89.19,94.1,2.1,35.4,0.82,27.09,20.5,8.93
2020-08-17,2020,230,22.94,87.71,94.09,2.31,35.04,0.8,27.34,20.08,0.26
2020-08-18,2020,231,22.53,88.84,94.06,2.24,34.45,0.8,26.72,19.76,6.84
2020-08-19,2020,232,22.36,87.7,94.02,2.37,33.43,0.8,27.12,19.35,0.95
2020-08-20,2020,233,22.49,86.69,94.1,1.67,33.82,0.79,27.21,19.0,0.5
2020-08-21,2020,234,22.99,82.58,94.21,1.85,33.31,0.79,27.83,19.44,0.23
2020-08-22,2020,235,22.82,85.49,94.3,2.06,34.45,0.78,27.74,19.36,0.01
2020-08-23,2020,236,22.79,86.37,94.24,2.3,34.34,0.77,27.77,19.58,0.05
2020-08-24,2020,237,22.46,85.09,94.21,2.37,33.62,0.77,27.44,19.3,0.03
2020-08-25,2020,238,22.57,84.59,94.27,2.82,32.66,0.76,27.76,18.31,0.0
2020-08-26,2020,239,22.14,84.61,94.27,3.39,32.27,0.76,26.98,19.16,0.0
2020-08-27,2020,240,21.63,82.48,94.11,2.63,31.78,0.75,27.03,17.71,0.0
2020-08-28,2020,241,22.25,85.81,94.06,2.41,35.01,0.75,27.32,17.84,0.06
2020-08-29,2020,242,22.9,87.15,94.03,3.08,34.85,0.75,27.48,19.99,3.85
2020-08-30,2020,243,22.41,84.42,94.01,2.75,33.74,0.75,27.9,18.41,0.26
2020-08-31,2020,244,22.55,84.21,94.07,2.66,33.87,0.74,27.75,18.86,0.01
2020-09-01,2020,245,22.32,87.07,94.09,2.71,34.68,0.74,27.02,19.3,0.86
2020-09-02,2020,246,22.13,88.94,94.1,2.16,35.73,0.73,25.68,19.47,1.47
2020-09-03,2020,247,23.43,88.29,94.13,2.26,35.15,0.75,27.95,20.52,18.74
2020-09-04,2020,248,23.74,88.06,94.05,2.45,34.95,0.77,28.13,20.97,13.13
2020-09-05,2020,249,22.78,85.45,94.03,2.63,33.79,0.77,27.4,19.95,2.41
2020-09-06,2020,250,22.89,84.21,94.07,2.27,33.65,0.76,27.92,19.48,1.2
2020-09-07,2020,251,22.79,86.57,94.16,2.41,34.66,0.75,27.38,19.62,0.46
2020-09-08,2020,252,22.99,85.97,94.23,2.34,34.65,0.74,27.85,19.48,0.06
2020-09-09,2020,253,23.4,85.45,94.09,2.31,35.22,0.73,28.2,20.03,0.07
2020-09-10,2020,254,23.02,85.58,93.96,2.65,34.91,0.73,27.67,19.87,0.04
2020-09-11,2020,255,22.36,84.66,94.09,2.65,34.49,0.72,27.35,18.98,0.05
2020-09-12,2020,256,22.51,84.06,94.23,2.78,33.8,0.72,27.58,19.27,0.06
2020-09-13,2020,257,22.47,86.37,94.21,2.85,34.91,0.71,27.18,19.69,0.04
2020-09-14,2020,258,22.65,82.79,94.16,2.49,33.96,0.71,28.14,19.1,0.01
2020-09-15,2020,259,22.33,82.49,94.22,2.58,32.64,0.71,27.57,18.96,0.02
2020-09-16,2020,260,22.28,82.32,94.22,2.03,33.41,0.7,27.65,18.34,0.02
2020-09-17,2020,261,22.82,84.13,94.11,1.72,34.71,0.7,27.87,18.86,0.05
2020-09-18,2020,262,23.76,81.77,94.05,1.69,34.59,0.69,29.58,19.33,0.12
2020-09-19,2020,263,24.25,80.57,94.01,1.96,34.96,0.69,30.08,19.93,2.03
2020-09-20,2020,264,24.28,82.05,94.08,1.74,35.66,0.69,29.68,20.79,4.52
2020-09-21,2020,265,23.64,87.21,94.11,2.39,35.74,0.7,28.25,20.77,18.19
2020-09-22,2020,266,23.24,89.43,94.12,2.63,35.56,0.74,27.14,21.06,23.83
2020-09-23,2020,267,23.92,86.46,94.14,2.52,35.32,0.74,28.53,20.81,2.55
2020-09-24,2020,268,23.04,87.35,94.27,2.52,34.76,0.73,26.84,20.74,1.22
2020-09-25,2020,269,23.04,86.06,94.21,2.45,34.54,0.72,27.19,19.92,1.59
2020-09-26,2020,270,23.41,85.24,94.15,2.69,35.14,0.72,28.43,20.08,7.34
2020-09-27,2020,271,23.18,85.74,94.2,2.54,34.95,0.74,27.67,20.4,27.59
2020-09-28,2020,272,22.35,87.89,94.23,3.07,34.46,0.77,25.45,20.32,10.64
2020-09-29,2020,273,22.14,87.19,94.16,3.02,34.56,0.75,25.74,19.88,0.73
2020-09-30,2020,274,23.18,85.41,94.0,2.31,35.1,0.74,28.14,19.29,2.96
2020-10-01,2020,275,24.01,84.98,94.0,2.28,35.59,0.74,28.92,20.89,6.07
2020-10-02,2020,276,24.3,86.31,94.03,2.4,35.7,0.74,28.96,21.32,8.53
2020-10-03,2020,277,23.88,85.86,94.13,3.28,35.31,0.74,28.11,21.42,3.71
2020-10-04,2020,278,22.87,86.22,94.17,3.83,34.53,0.74,26.56,20.48,3.64
2020-10-05,2020,279,22.39,87.31,94.15,3.67,34.98,0.74,26.78,20.14,12.41
2020-10-06,2020,280,22.32,86.57,94.1,3.52,35.17,0.75,27.14,19.74,4.5
2020-10-07,2020,281,22.39,85.72,94.01,2.86,34.85,0.74,27.54,19.18,0.45
2020-10-08,2020,282,22.94,85.71,93.99,2.57,35.4,0.73,27.83,19.5,0.35
2020-10-09,2020,283,23.31,84.7,93.99,2.09,35.24,0.72,28.33,20.0,0.14
2020-10-10,2020,284,23.2,89.1,93.99,2.36,35.37,0.72,27.05,20.81,6.45
2020-10-11,2020,285,24.0,86.64,93.92,2.38,35.63,0.73,28.2,21.24,5.96
2020-10-12,2020,286,24.22,87.05,93.88,2.45,36.42,0.74,29.09,21.18,27.93
2020-10-13,2020,287,24.1,86.65,93.93,2.55,35.2,0.78,28.22,21.46,22.66
2020-10-14,2020,288,23.73,86.2,94.06,2.5,35.06,0.77,28.63,20.49,6.35
2020-10-15,2020,289,23.63,87.28,94.04,2.38,35.3,0.78,27.66,21.25,18.45
2020-10-16,2020,290,22.93,88.32,93.97,2.5,35.32,0.78,26.7,20.85,2.6
2020-10-17,2020,291,23.2,85.16,93.97,2.47,34.59,0.77,28.04,19.96,0.16
2020-10-18,2020,292,22.85,88.37,93.99,2.13,35.16,0.76,26.81,20.36,9.84
2020-10-19,2020,293,23.23,88.13,94.03,2.05,35.53,0.77,27.41,20.67,8.34
2020-10-20,2020,294,24.08,85.11,93.97,1.53,35.58,0.77,28.94,20.08,7.38
2020-10-21,2020,295,23.05,93.46,94.01,1.92,36.2,0.79,25.16,21.35,27.03
2020-10-22,2020,296,23.63,88.4,94.0,1.52,36.13,0.8,27.37,20.77,16.83
2020-10-23,2020,297,23.19,93.28,94.03,2.35,36.47,0.81,25.69,21.7,15.76
2020-10-24,2020,298,23.63,90.36,94.06,1.62,35.93,0.81,27.27,21.46,12.94
2020-10-25,2020,299,23.4,91.69,94.07,1.83,35.82,0.82,26.78,21.31,15.8
2020-10-26,2020,300,22.92,94.5,93.99,1.87,35.32,0.83,25.4,21.42,33.38
2020-10-27,2020,301,22.63,93.3,94.07,1.51,35.38,0.84,24.79,21.09,12.45
2020-10-28,2020,302,23.57,87.17,94.12,1.33,35.32,0.83,27.57,20.53,10.46
2020-10-29,2020,303,23.96,87.33,94.12,1.55,35.22,0.84,27.97,21.1,12.48
2020-10-30,2020,304,23.54,86.17,94.13,1.59,35.54,0.84,27.24,20.17,11.44
2020-10-31,2020,305,23.22,88.91,94.1,0.71,35.58,0.85,26.41,21.11,26.79
2020-11-01,2020,306,23.46,89.18,94.03,1.59,35.56,0.88,27.12,20.83,38.63
2020-11-02,2020,307,23.35,89.28,94.18,2.96,34.83,0.89,26.72,21.44,8.97
2020-11-03,2020,308,23.69,88.41,94.19,1.54,34.95,0.88,27.32,20.77,3.81
2020-11-04,2020,309,24.29,84.45,94.18,1.29,34.71,0.87,27.58,21.96,2.26
2020-11-05,2020,310,23.95,90.36,94.19,1.31,35.74,0.88,26.56,21.95,27.39
2020-11-06,2020,311,24.02,89.41,94.2,1.8,34.54,0.88,27.7,21.43,0.75
2020-11-07,2020,312,24.24,87.48,94.16,1.66,34.8,0.87,28.3,21.43,3.04
2020-11-08,2020,313,24.13,87.18,94.11,1.46,35.47,0.87,27.98,21.56,8.62
2020-11-09,2020,314,23.86,87.9,94.12,2.07,34.76,0.87,27.52,21.08,2.03
2020-11-10,2020,315,23.74,88.22,94.07,2.41,34.86,0.87,27.51,21.02,33.8
2020-11-11,2020,316,23.81,89.56,94.12,2.25,35.22,0.9,27.26,21.1,27.21
2020-11-12,2020,317,24.5,88.4,94.05,1.97,35.68,0.91,27.99,21.82,11.85
2020-11-13,2020,318,24.7,86.78,93.97,1.53,35.63,0.9,28.7,21.7,4.03
2020-11-14,2020,319,24.44,90.49,93.97,1.47,35.03,0.9,27.7,22.24,8.02
2020-11-15,2020,320,23.91,90.69,94.03,1.89,35.38,0.9,26.5,22.35,15.0
2020-11-16,2020,321,23.7,91.29,94.05,1.8,35.23,0.91,26.35,21.65,17.75
2020-11-17,2020,322,23.72,91.37,93.95,2.34,35.43,0.92,26.54,21.8,16.37
2020-11-18,2020,323,24.56,88.06,93.89,2.02,35.19,0.93,28.56,21.42,12.24
2020-11-19,2020,324,24.57,89.49,93.92,1.6,35.54,0.92,27.7,22.03,6.71
2020-11-20,2020,325,24.07,91.79,93.93,1.62,35.63,0.93,26.86,22.58,13.1
2020-11-21,2020,326,23.66,93.13,93.91,1.44,35.51,0.93,25.46,22.18,9.29
2020-11-22,2020,327,23.49,91.46,93.96,1.13,35.55,0.93,25.55,21.43,9.32
2020-11-23,2020,328,23.18,90.07,94.01,1.39,35.49,0.93,26.04,20.6,2.61
2020-11-24,2020,329,23.15,89.98,94.02,1.93,35.02,0.93,25.86,21.35,5.12
2020-11-25,2020,330,23.13,89.6,93.94,1.53,34.95,0.93,26.71,20.58,6.74
2020-11-26,2020,331,23.12,88.49,93.97,1.82,34.97,0.92,26.61,20.72,1.07
2020-11-27,2020,332,23.1,88.9,94.02,1.59,35.03,0.92,26.26,20.44,4.56
2020-11-28,2020,333,23.2,91.56,93.94,1.08,35.19,0.92,26.24,21.14,25.13
2020-11-29,2020,334,22.4,96.02,93.9,2.56,34.95,0.95,24.16,20.8,27.5
2020-11-30,2020,335,22.51,89.85,94.04,2.42,34.48,0.95,26.12,20.14,1.16
2020-12-01,2020,336,23.46,85.74,94.04,1.2,35.13,0.94,27.47,19.99,3.28
2020-12-02,2020,337,23.44,90.31,93.93,1.25,35.69,0.94,25.89,21.24,27.31
2020-12-03,2020,338,22.91,91.37,93.97,1.49,35.68,0.96,24.95,21.66,24.29
2020-12-04,2020,339,22.89,91.98,93.96,1.2,35.37,0.96,25.35,21.42,7.29
2020-12-05,2020,340,22.79,91.7,93.9,2.07,34.97,0.96,25.11,21.4,25.95
2020-12-06,2020,341,22.97,91.03,93.89,3.86,35.42,0.97,25.38,21.62,21.34
2020-12-07,2020,342,23.21,90.69,93.96,4.03,35.35,0.97,25.98,21.05,24.82
2020-12-08,2020,343,23.56,89.77,93.87,3.75,34.96,0.97,26.49,20.59,13.0
2020-12-09,2020,344,23.03,90.84,93.79,3.17,35.01,0.97,25.57,20.97,12.97
2020-12-10,2020,345,23.32,91.47,93.86,2.48,35.33,0.97,26.47,21.04,10.56
2020-12-11,2020,346,22.93,94.72,93.92,1.76,35.44,0.97,24.56,21.76,12.67
2020-12-12,2020,347,22.76,92.58,93.93,1.88,35.6,0.97,25.07,21.35,27.96
2020-12-13,2020,348,22.46,91.96,93.93,1.62,35.44,0.98,24.14,21.2,17.21
2020-12-14,2020,349,22.29,92.84,93.99,1.15,35.01,0.98,24.33,20.83,10.45
2020-12-15,2020,350,22.43,92.32,94.05,1.39,34.9,0.98,24.95,20.36,12.01
2020-12-16,2020,351,22.48,92.47,94.0,1.51,35.34,0.98,25.15,20.34,4.95
2020-12-17,2020,352,22.62,92.85,93.9,1.57,35.04,0.98,24.93,20.79,12.65
2020-12-18,2020,353,22.73,92.22,93.89,2.62,35.07,0.98,25.54,20.93,28.13
2020-12-19,2020,354,22.26,92.25,93.92,2.57,34.31,0.99,24.84,20.51,43.61
2020-12-20,2020,355,22.0,91.97,93.97,2.16,33.59,0.99,24.83,19.64,5.72
2020-12-21,2020,356,22.53,91.19,93.95,2.17,34.34,0.98,26.12,19.58,1.98
2020-12-22,2020,357,23.15,90.69,93.95,2.14,34.82,0.98,26.91,20.41,2.2
2020-12-23,2020,358,23.18,90.58,93.91,2.05,34.63,0.97,26.55,21.03,2.54
2020-12-24,2020,359,23.28,90.31,93.89,1.61,34.41,0.97,26.88,20.57,5.41
2020-12-25,2020,360,23.33,87.5,93.95,0.95,35.27,0.97,26.44,21.32,5.08
2020-12-26,2020,361,23.21,90.28,93.97,1.29,35.55,0.97,26.51,20.91,7.43
2020-12-27,2020,362,22.59,93.47,93.97,1.59,35.47,0.97,24.56,20.89,12.55
2020-12-28,2020,363,22.98,90.7,93.91,1.36,35.09,0.97,25.55,21.04,13.51
2020-12-29,2020,364,23.13,91.8,93.88,1.62,35.18,0.98,25.98,21.1,25.52
2020-12-30,2020,365,23.05,92.12,93.89,1.52,35.0,0.98,25.42,21.41,20.95
2020-12-31,2020,366,23.12,90.73,93.9,1.63,35.21,0.99,25.72,21.5,11.91
2021-01-01,2021,1,22.87,94.07,93.87,1.41,35.34,0.99,24.82,21.38,42.56
2021-01-02,2021,2,22.45,92.48,93.96,2.5,34.7,0.99,24.48,21.02,3.42
2021-01-03,2021,3,22.88,91.16,93.96,1.91,34.8,0.99,25.89,20.49,2.55
2021-01-04,2021,4,23.03,90.63,93.88,1.77,35.07,0.98,26.06,20.53,2.27
2021-01-05,2021,5,22.92,92.29,93.86,1.82,35.1,0.98,25.19,21.25,1.52
2021-01-06,2021,6,23.42,88.67,93.86,1.49,35.46,0.97,26.57,20.71,0.87
2021-01-07,2021,7,22.33,91.49,93.86,2.06,35.12,0.97,24.25,20.85,8.88
2021-01-08,2021,8,24.04,84.66,93.82,0.7,35.68,0.97,28.18,20.31,9.09
2021-01-09,2021,9,23.41,90.7,93.82,1.67,35.41,0.98,26.58,21.44,14.27
2021-01-10,2021,10,22.38,94.04,93.82,2.25,35.24,0.98,24.18,21.05,9.34
2021-01-11,2021,11,23.13,91.0,93.84,1.42,35.33,0.97,26.24,20.45,1.42
2021-01-12,2021,12,23.18,95.34,93.84,1.77,35.71,0.97,24.64,21.98,11.33
2021-01-13,2021,13,22.71,94.25,93.92,2.15,35.09,0.98,24.46,20.83,29.78
2021-01-14,2021,14,22.63,92.75,94.03,1.71,34.94,0.98,24.86,20.99,6.22
2021-01-15,2021,15,22.41,91.17,93.97,1.74,34.21,0.98,25.17,20.34,0.75
2021-01-16,2021,16,22.63,91.5,93.87,2.06,34.76,0.97,25.33,20.66,0.86
2021-01-17,2021,17,22.8,90.37,93.9,1.73,34.56,0.97,25.88,20.31,7.94
2021-01-18,2021,18,22.75,91.48,93.94,2.22,34.87,0.98,24.86,21.07,43.01
2021-01-19,2021,19,22.68,93.37,93.96,2.34,34.97,0.99,24.78,21.46,26.7
2021-01-20,2021,20,23.27,90.22,93.98,1.47,34.71,0.99,26.36,20.81,1.79
2021-01-21,2021,21,23.2,91.32,94.0,1.65,34.97,0.98,26.02,21.0,13.34
2021-01-22,2021,22,22.89,91.12,94.01,1.84,35.03,0.98,25.29,20.98,5.36
2021-01-23,2021,23,23.19,86.97,94.01,1.07,34.6,0.98,25.88,20.4,2.83
2021-01-24,2021,24,23.05,88.32,94.07,0.99,35.04,0.98,25.73,20.57,6.79
2021-01-25,2021,25,23.31,85.23,94.04,0.97,34.63,0.97,27.57,20.21,2.29
2021-01-26,2021,26,22.92,91.23,93.92,2.31,35.09,0.97,25.94,20.08,6.75
2021-01-27,2021,27,22.74,93.16,93.86,2.42,34.68,0.97,24.46,21.27,26.17
2021-01-28,2021,28,22.98,90.37,93.9,2.17,34.61,0.98,26.19,20.37,9.52
2021-01-29,2021,29,22.03,91.89,93.94,2.76,34.37,0.98,24.02,20.26,20.83
2021-01-30,2021,30,22.31,92.54,93.98,2.41,34.21,0.99,24.95,20.45,16.28
2021-01-31,2021,31,22.91,91.1,94.04,2.44,34.78,0.99,26.12,20.2,14.63
2021-02-01,2021,32,23.51,90.69,94.01,2.28,34.81,0.98,26.54,20.83,7.83
2021-02-02,2021,33,23.18,93.62,93.98,2.16,34.87,0.98,25.9,21.62,5.47
2021-02-03,2021,34,22.8,93.32,94.03,3.0,34.97,0.98,25.01,21.11,49.81
2021-02-04,2021,35,22.75,92.73,94.02,3.14,34.85,0.99,25.46,20.5,26.01
2021-02-05,2021,36,23.36,92.28,93.94,3.44,34.79,1.0,25.77,21.69,78.17
2021-02-06,2021,37,23.06,91.86,93.89,3.4,34.82,1.0,25.81,20.97,36.57
2021-02-07,2021,38,23.02,93.34,93.87,3.61,35.34,1.0,25.24,21.22,43.68
2021-02-08,2021,39,23.01,94.05,93.88,2.94,35.04,1.0,24.9,21.84,25.06
2021-02-09,2021,40,23.5,92.48,93.85,2.23,35.43,1.0,26.15,21.13,14.17
2021-02-10,2021,41,22.93,93.6,93.9,1.48,35.55,1.0,25.31,21.64,6.18
2021-02-11,2021,42,23.14,92.1,93.91,1.81,35.35,1.0,25.74,21.35,17.9
2021-02-12,2021,43,22.71,93.08,94.03,1.54,35.88,1.0,24.79,21.14,17.72
2021-02-13,2021,44,22.9,92.63,94.12,1.44,35.44,1.0,24.74,21.1,36.31
2021-02-14,2021,45,22.8,93.76,94.09,1.39,35.65,0.99,24.77,21.7,9.28
2021-02-15,2021,46,22.87,91.58,94.03,1.28,35.46,1.0,24.67,21.36,16.61
2021-02-16,2021,47,23.21,93.12,93.96,1.36,35.32,1.0,25.31,22.0,11.28
2021-02-17,2021,48,22.18,93.82,94.1,1.85,34.97,1.0,24.0,20.09,17.9
2021-02-18,2021,49,22.42,90.6,94.06,2.05,35.1,0.99,25.46,19.85,8.93
2021-02-19,2021,50,22.2,92.93,94.05,2.34,34.75,1.0,24.21,21.06,31.8
2021-02-20,2021,51,22.36,91.85,94.11,2.72,34.75,0.99,24.79,20.36,4.61
2021-02-21,2021,52,22.49,90.21,94.14,1.84,35.05,0.99,25.68,19.43,2.52
2021-02-22,2021,53,23.07,91.05,94.1,1.55,34.95,0.99,26.18,20.99,4.58
2021-02-23,2021,54,22.57,91.69,93.98,2.71,34.76,0.99,25.61,20.53,88.83
2021-02-24,2021,55,22.43,91.4,93.78,2.93,34.76,1.0,25.16,20.27,22.03
2021-02-25,2021,56,22.94,91.78,93.74,3.5,35.18,1.0,25.44,21.29,57.93
2021-02-26,2021,57,23.11,91.08,93.85,2.08,35.25,1.0,25.71,21.31,6.48
2021-02-27,2021,58,23.26,88.41,93.99,0.9,35.13,0.99,26.28,20.91,6.71
2021-02-28,2021,59,22.2,91.09,94.13,1.72,35.22,0.99,25.0,19.9,1.02
2021-03-01,2021,60,22.79,84.03,94.17,1.19,35.2,0.98,26.39,19.17,0.49
2021-03-02,2021,61,23.02,89.37,94.13,1.74,35.02,0.98,26.34,20.38,1.01
2021-03-03,2021,62,22.95,87.5,94.16,1.76,34.83,0.98,25.93,19.84,1.24
2021-03-04,2021,63,22.68,88.9,94.21,1.23,35.16,0.97,25.74,20.19,2.69
2021-03-05,2021,64,23.23,85.77,94.15,1.12,34.75,0.97,27.28,20.06,0.26
2021-03-06,2021,65,23.32,89.63,94.11,1.52,34.95,0.96,26.86,20.96,12.06
2021-03-07,2021,66,22.66,89.63,94.12,1.43,34.87,0.97,25.91,20.39,7.57
2021-03-08,2021,67,22.47,91.41,94.11,1.74,34.81,0.97,25.65,20.75,13.22
2021-03-09,2021,68,22.28,92.28,94.11,1.59,35.25,0.97,24.5,20.89,24.69
2021-03-10,2021,69,22.72,88.77,94.13,1.75,34.45,0.98,26.19,20.23,9.97
2021-03-11,2021,70,22.83,88.56,94.13,1.61,34.85,0.97,26.35,20.03,3.24
2021-03-12,2021,71,23.35,86.01,94.17,1.18,35.17,0.97,27.15,20.29,0.86
2021-03-13,2021,72,23.23,87.26,94.16,1.52,35.18,0.96,26.9,20.96,5.06
2021-03-14,2021,73,22.86,90.14,93.99,1.62,35.04,0.96,25.93,20.22,3.37
2021-03-15,2021,74,22.06,91.4,94.0,1.13,35.5,0.97,23.45,20.24,14.68
2021-03-16,2021,75,22.59,88.79,94.02,0.83,35.67,0.97,25.52,19.77,10.09
2021-03-17,2021,76,23.55,88.51,93.95,0.77,35.2,0.96,26.78,21.24,0.98
2021-03-18,2021,77,23.71,90.23,93.9,0.78,35.01,0.96,27.21,21.62,5.98
2021-03-19,2021,78,23.06,90.58,93.91,1.39,34.65,0.96,26.04,21.17,8.85
2021-03-20,2021,79,23.22,85.45,93.82,1.55,34.85,0.96,27.41,20.33,2.7
2021-03-21,2021,80,22.98,91.13,93.84,1.75,34.81,0.96,25.75,20.81,9.71
2021-03-22,2021,81,23.09,88.24,93.96,1.4,34.59,0.96,26.66,20.79,6.73
2021-03-23,2021,82,22.67,88.13,93.98,1.27,35.31,0.96,26.18,19.72,9.42
2021-03-24,2021,83,23.24,87.15,93.91,1.27,34.79,0.95,27.56,19.43,6.94
2021-03-25,2021,84,23.62,90.03,93.88,1.19,35.26,0.96,26.77,21.22,6.63
2021-03-26,2021,85,22.97,91.75,93.9,1.02,35.01,0.95,24.67,21.49,1.19
2021-03-27,2021,86,23.84,88.01,93.87,0.71,35.32,0.95,27.21,20.65,2.39
2021-03-28,2021,87,23.78,93.2,93.84,0.92,35.59,0.95,26.33,22.12,8.01
2021-03-29,2021,88,24.32,89.23,93.82,0.94,35.13,0.95,27.97,21.75,18.69
2021-03-30,2021,89,24.31,87.07,93.78,0.75,35.61,0.96,27.22,22.3,9.57
2021-03-31,2021,90,24.4,91.22,93.64,1.53,35.45,0.97,27.61,22.34,25.25
2021-04-01,2021,91,23.56,94.96,93.69,1.71,35.27,0.97,25.36,21.8,6.23
2021-04-02,2021,92,23.33,87.25,93.87,1.04,35.18,0.96,27.6,20.71,2.55
2021-04-03,2021,93,22.73,87.39,93.93,1.42,35.3,0.96,26.39,19.93,1.03
2021-04-04,2021,94,23.12,89.48,93.96,1.13,35.1,0.96,26.36,20.81,8.78
2021-04-05,2021,95,23.01,89.03,94.03,1.29,35.21,0.96,25.93,20.61,1.68
2021-04-06,2021,96,23.3,91.83,93.98,1.93,35.57,0.97,25.95,21.17,24.2
2021-04-07,2021,97,22.93,91.67,94.0,2.02,35.66,0.97,25.05,21.4,5.25
2021-04-08,2021,98,23.33,89.03,93.93,2.08,35.12,0.96,26.7,20.64,7.95
2021-04-09,2021,99,23.47,89.24,94.03,1.87,34.82,0.96,26.56,21.23,2.15
2021-04-10,2021,100,23.09,88.02,94.17,1.35,35.42,0.96,25.8,20.97,1.98
2021-04-11,2021,101,23.57,87.47,94.24,0.86,35.86,0.96,27.24,20.53,10.02
2021-04-12,2021,102,23.93,87.15,94.25,0.93,35.12,0.96,27.78,21.29,15.08
2021-04-13,2021,103,23.72,87.71,94.21,0.89,35.28,0.96,27.29,20.97,3.98
2021-04-14,2021,104,23.32,90.03,94.1,0.83,35.66,0.95,26.75,21.1,1.8
2021-04-15,2021,105,23.59,87.54,94.08,1.29,35.15,0.95,27.04,21.14,3.18
2021-04-16,2021,106,23.45,90.27,94.11,1.09,34.91,0.95,26.0,21.48,1.85
2021-04-17,2021,107,23.5,89.56,94.21,1.85,34.17,0.94,26.96,20.94,2.78
2021-04-18,2021,108,22.84,94.87,94.18,1.52,34.84,0.95,24.56,21.33,8.11
2021-04-19,2021,109,23.28,90.36,94.15,1.94,34.3,0.95,26.54,21.27,4.99
2021-04-20,2021,110,22.73,88.13,94.18,1.85,32.93,0.94,26.68,19.71,1.3
2021-04-21,2021,111,22.03,86.67,94.22,1.9,32.55,0.93,26.6,18.57,0.01
2021-04-22,2021,112,22.34,88.06,94.17,1.84,33.23,0.93,26.56,18.44,0.36
2021-04-23,2021,113,22.69,88.33,94.15,1.55,34.1,0.92,26.73,19.56,2.47
2021-04-24,2021,114,22.66,88.21,94.15,1.43,34.36,0.92,26.71,19.5,26.46
2021-04-25,2021,115,22.41,90.65,94.17,1.42,36.12,0.94,24.81,20.37,17.44
2021-04-26,2021,116,23.66,87.96,94.13,1.18,34.71,0.94,27.43,20.84,6.71
2021-04-27,2021,117,23.62,90.2,94.15,2.14,34.61,0.93,27.48,20.75,3.96
2021-04-28,2021,118,22.74,89.7,94.22,1.66,34.99,0.93,25.93,20.36,0.46
2021-04-29,2021,119,23.15,88.55,94.16,1.0,34.86,0.92,27.46,20.18,0.06
2021-04-30,2021,120,22.81,92.49,94.06,0.89,35.36,0.92,25.39,20.77,6.97
2021-05-01,2021,121,23.32,91.55,94.13,1.55,35.14,0.92,26.07,21.58,1.62
2021-05-02,2021,122,23.87,87.89,94.07,1.33,34.9,0.91,27.93,20.51,0.29
2021-05-03,2021,123,23.38,85.89,93.89,1.56,34.89,0.91,26.47,21.19,0.51
2021-05-04,2021,124,23.91,86.86,93.85,0.98,35.24,0.9,27.48,20.89,0.27
2021-05-05,2021,125,24.19,88.72,93.88,0.93,35.52,0.9,27.64,21.72,2.31
2021-05-06,2021,126,23.49,93.21,94.0,1.47,34.97,0.9,25.68,21.87,1.13
2021-05-07,2021,127,23.27,92.28,94.06,1.08,35.21,0.9,25.48,21.36,0.74
2021-05-08,2021,128,23.72,88.77,94.04,1.22,35.59,0.9,27.51,21.54,0.42
2021-05-09,2021,129,23.11,87.43,94.03,1.75,33.26,0.89,27.2,20.27,0.02
2021-05-10,2021,130,23.06,89.02,94.0,1.7,34.16,0.88,27.58,19.09,0.3
2021-05-11,2021,131,23.99,89.98,93.95,1.83,34.71,0.88,28.12,20.69,8.61
2021-05-12,2021,132,23.57,91.61,93.93,2.07,34.64,0.89,27.01,21.21,4.78
2021-05-13,2021,133,23.98,88.72,93.9,1.5,34.44,0.88,27.8,20.93,0.32
2021-05-14,2021,134,24.19,89.89,93.9,1.77,35.04,0.87,28.06,21.5,0.25
2021-05-15,2021,135,23.97,89.62,93.91,1.79,34.82,0.87,27.74,21.51,0.16
2021-05-16,2021,136,23.86,89.25,93.96,1.75,35.04,0.86,28.11,21.02,0.58
2021-05-17,2021,137,23.74,89.38,94.0,1.29,34.87,0.86,27.68,20.71,14.76
2021-05-18,2021,138,23.55,90.73,93.99,1.72,35.43,0.89,27.62,21.06,16.45
2021-05-19,2021,139,22.79,93.65,94.01,1.51,34.88,0.88,25.39,21.22,11.71
2021-05-20,2021,140,23.4,90.4,94.14,1.45,35.73,0.9,27.24,20.71,19.21
2021-05-21,2021,141,23.26,91.01,94.14,1.55,34.8,0.89,26.73,21.27,0.8
2021-05-22,2021,142,23.69,89.35,94.04,1.34,35.01,0.88,27.75,20.63,0.29
2021-05-23,2021,143,22.99,93.47,94.06,1.41,35.28,0.88,24.6,21.63,7.96
2021-05-24,2021,144,24.15,88.27,94.11,1.14,35.59,0.89,28.05,21.83,4.77
2021-05-25,2021,145,23.34,90.53,94.11,1.46,35.64,0.89,26.46,21.35,6.14
2021-05-26,2021,146,23.82,88.09,94.07,1.47,35.21,0.88,27.86,20.8,0.19
2021-05-27,2021,147,23.87,88.95,94.14,1.58,34.76,0.88,28.05,20.61,0.33
2021-05-28,2021,148,24.0,90.56,94.18,1.56,35.7,0.87,27.74,20.59,6.63
2021-05-29,2021,149,23.6,93.15,94.13,1.1,35.59,0.88,26.03,22.13,10.0
2021-05-30,2021,150,23.89,90.77,94.01,1.14,35.33,0.88,27.52,21.63,1.65
2021-05-31,2021,151,23.37,91.19,93.96,1.32,35.38,0.88,26.25,21.74,1.9
2021-06-01,2021,152,23.46,90.54,94.02,1.41,35.22,0.87,27.26,20.91,0.57
2021-06-02,2021,153,23.81,89.75,94.05,0.99,35.26,0.87,27.69,21.28,0.32
2021-06-03,2021,154,24.56,88.88,94.1,1.17,35.55,0.86,28.67,21.58,0.03
2021-06-04,2021,155,23.86,88.65,94.15,1.34,34.77,0.86,27.73,20.59,0.07
2021-06-05,2021,156,24.07,88.0,94.11,1.14,34.7,0.86,28.25,20.95,0.45
2021-06-06,2021,157,23.78,90.2,94.15,1.27,34.94,0.85,27.41,21.32,1.73
2021-06-07,2021,158,23.44,90.58,94.21,1.53,34.11,0.85,27.21,21.21,3.86
2021-06-08,2021,159,23.44,87.33,94.14,1.37,34.11,0.85,27.65,20.33,1.0
2021-06-09,2021,160,23.64,88.87,94.07,1.36,35.23,0.85,27.58,20.83,10.2
2021-06-10,2021,161,23.45,91.25,93.95,1.9,35.47,0.88,27.15,21.22,33.31
2021-06-11,2021,162,22.97,91.9,94.0,1.39,35.33,0.89,25.96,21.05,13.75
2021-06-12,2021,163,23.29,90.13,94.1,1.6,35.39,0.89,26.95,20.7,2.37
2021-06-13,2021,164,23.2,89.53,94.15,1.53,34.15,0.88,27.17,20.55,0.2
2021-06-14,2021,165,22.94,89.81,94.13,1.27,34.27,0.87,26.46,20.27,0.84
2021-06-15,2021,166,23.63,85.19,94.08,0.61,34.66,0.87,27.76,20.68,2.62
2021-06-16,2021,167,23.25,89.3,94.17,0.92,34.71,0.87,26.09,20.68,5.72
2021-06-17,2021,168,21.91,92.74,94.29,1.38,34.89,0.87,23.47,19.98,6.66
2021-06-18,2021,169,22.87,87.54,94.27,0.97,34.76,0.87,26.79,18.94,5.59
2021-06-19,2021,170,22.6,95.11,94.2,1.03,35.35,0.88,24.45,21.43,17.45
2021-06-20,2021,171,22.9,90.63,94.2,0.7,34.92,0.89,25.68,21.07,4.13
2021-06-21,2021,172,22.09,94.73,94.19,1.34,34.81,0.9,23.83,20.42,12.38
2021-06-22,2021,173,22.57,91.73,94.19,1.44,34.66,0.9,25.73,20.37,6.97
2021-06-23,2021,174,22.75,93.72,94.19,1.54,34.8,0.91,25.31,20.7,13.68
2021-06-24,2021,175,22.98,90.67,94.18,1.25,35.07,0.92,25.36,21.2,30.02
2021-06-25,2021,176,23.14,85.65,94.13,0.96,34.74,0.92,26.86,20.24,0.75
2021-06-26,2021,177,23.25,89.75,94.15,0.96,34.83,0.92,26.01,20.91,0.97
2021-06-27,2021,178,23.41,89.77,94.16,0.72,35.0,0.92,26.88,21.0,8.61
2021-06-28,2021,179,23.1,91.85,94.1,1.05,35.15,0.93,26.09,21.16,15.05
2021-06-29,2021,180,22.86,88.57,94.1,1.54,34.0,0.93,26.58,20.2,7.42
2021-06-30,2021,181,23.14,87.66,94.17,1.11,34.62,0.93,26.88,20.09,3.45
2021-07-01,2021,182,23.11,88.2,94.18,1.44,34.36,0.92,26.73,20.74,1.77
2021-07-02,2021,183,22.69,88.78,94.09,1.65,33.24,0.92,27.11,19.51,0.59
2021-07-03,2021,184,22.22,89.45,94.13,1.78,33.95,0.91,25.9,19.46,0.54
2021-07-04,2021,185,22.5,89.49,94.1,1.59,33.48,0.91,26.6,19.14,0.03
2021-07-05,2021,186,21.87,89.39,94.05,2.03,32.51,0.9,25.89,19.05,0.01
2021-07-06,2021,187,20.46,87.92,94.05,2.06,31.86,0.89,24.69,17.34,0.02
2021-07-07,2021,188,20.86,88.98,94.09,1.63,32.64,0.89,25.52,16.79,0.04
2021-07-08,2021,189,22.44,89.07,94.08,1.53,34.2,0.88,26.25,19.37,0.11
2021-07-09,2021,190,23.27,88.07,93.97,0.98,35.29,0.88,27.18,20.22,5.28
2021-07-10,2021,191,23.64,89.83,93.88,1.43,35.47,0.88,27.06,20.91,3.81
2021-07-11,2021,192,23.28,88.18,94.0,2.15,34.43,0.88,27.05,20.37,0.07
2021-07-12,2021,193,22.71,87.63,94.07,1.39,33.65,0.87,27.33,18.59,0.01
2021-07-13,2021,194,22.71,89.28,94.07,2.01,33.85,0.86,26.76,20.08,0.03
2021-07-14,2021,195,22.16,87.09,94.12,2.16,33.36,0.86,25.65,19.71,0.03
2021-07-15,2021,196,21.64,89.03,94.18,2.52,32.89,0.86,25.46,19.28,0.02
2021-07-16,2021,197,20.96,88.27,94.22,1.73,32.76,0.85,24.67,18.37,0.02
2021-07-17,2021,198,21.93,87.18,94.16,1.45,33.59,0.85,26.82,17.38,0.36
2021-07-18,2021,199,22.52,89.64,94.03,1.9,34.1,0.84,26.91,19.58,2.96
2021-07-19,2021,200,22.71,89.17,94.08,1.45,35.32,0.84,26.98,19.31,1.27
2021-07-20,2021,201,23.47,88.78,94.2,1.36,34.93,0.84,27.85,20.17,0.37
2021-07-21,2021,202,23.23,89.88,94.25,1.91,34.87,0.83,26.83,20.94,0.21
2021-07-22,2021,203,23.13,87.43,94.15,1.54,35.16,0.83,27.52,20.1,0.05
2021-07-23,2021,204,22.57,89.77,94.17,1.99,35.02,0.83,26.41,19.76,2.99
2021-07-24,2021,205,22.35,87.27,94.23,2.09,32.76,0.82,27.06,19.42,0.32
2021-07-25,2021,206,21.43,87.8,94.23,2.5,32.03,0.82,26.02,18.33,0.02
2021-07-26,2021,207,21.0,82.8,94.19,1.59,30.67,0.81,26.8,16.72,0.01
2021-07-27,2021,208,21.42,87.94,94.17,1.96,31.45,0.81,26.41,17.85,0.27
2021-07-28,2021,209,21.38,87.67,94.2,1.95,31.83,0.8,26.24,17.88,0.1
2021-07-29,2021,210,21.85,88.98,94.22,2.02,32.88,0.8,26.32,18.28,4.82
2021-07-30,2021,211,22.71,88.19,94.26,1.95,34.31,0.81,27.13,19.46,3.47
2021-07-31,2021,212,22.93,89.0,94.24,2.49,35.64,0.8,26.97,20.3,1.8
2021-08-01,2021,213,22.46,89.86,94.19,2.92,34.59,0.8,26.5,20.1,2.05
2021-08-02,2021,214,22.34,89.87,94.21,2.49,34.56,0.81,26.44,19.44,32.43
2021-08-03,2021,215,22.33,91.97,94.28,2.64,35.37,0.85,25.74,20.62,15.37
2021-08-04,2021,216,23.14,90.13,94.29,2.01,35.17,0.84,27.33,20.68,5.63
2021-08-05,2021,217,23.05,87.99,94.32,1.84,34.74,0.83,27.13,20.24,0.61
2021-08-06,2021,218,23.39,86.39,94.29,1.68,34.79,0.82,27.94,19.9,0.07
2021-08-07,2021,219,23.5,87.66,94.25,1.49,34.81,0.81,27.81,20.14,0.08
2021-08-08,2021,220,23.63,88.22,94.25,1.41,35.32,0.81,27.99,20.32,0.11
2021-08-09,2021,221,23.42,89.35,94.15,1.69,35.44,0.81,27.61,20.14,3.99
2021-08-10,2021,222,22.56,87.99,94.21,2.81,33.86,0.81,26.88,19.7,0.97
2021-08-11,2021,223,21.64,85.7,94.28,3.12,32.43,0.8,25.98,18.99,0.05
2021-08-12,2021,224,22.13,88.47,94.36,2.59,34.49,0.79,26.58,18.64,0.56
2021-08-13,2021,225,23.09,88.91,94.18,2.06,35.68,0.79,27.15,20.33,11.84
2021-08-14,2021,226,23.14,88.85,94.06,2.15,35.12,0.8,27.23,20.03,2.74
2021-08-15,2021,227,23.47,87.04,94.14,2.14,33.92,0.8,28.03,20.41,1.18
2021-08-16,2021,228,23.07,87.29,94.28,2.36,34.44,0.79,27.42,20.38,0.65
2021-08-17,2021,229,22.73,87.73,94.25,2.29,34.24,0.79,27.14,19.67,0.09
2021-08-18,2021,230,22.91,87.81,94.1,1.97,35.07,0.78,27.25,19.83,1.45
2021-08-19,2021,231,21.97,87.98,94.13,2.27,34.92,0.79,26.19,19.51,11.13
2021-08-20,2021,232,22.26,88.15,94.18,2.18,34.45,0.79,26.37,19.53,2.13
2021-08-21,2021,233,22.07,90.54,94.23,1.44,34.74,0.79,25.25,19.7,4.51
2021-08-22,2021,234,22.53,89.27,94.15,2.08,34.44,0.79,26.62,20.01,0.7
2021-08-23,2021,235,22.45,86.31,94.18,2.47,33.44,0.78,26.99,19.76,0.12
2021-08-24,2021,236,21.79,87.0,94.19,2.68,33.31,0.78,26.24,19.02,0.11
2021-08-25,2021,237,21.6,86.78,94.17,2.9,33.61,0.77,26.18,18.6,0.73
2021-08-26,2021,238,21.64,85.23,94.07,2.45,33.0,0.77,26.84,18.41,0.24
2021-08-27,2021,239,21.2,87.12,94.13,2.47,33.06,0.76,25.94,17.62,0.01
2021-08-28,2021,240,22.26,87.39,94.01,2.25,34.93,0.76,26.96,18.62,1.02
2021-08-29,2021,241,22.63,88.05,94.03,2.69,34.85,0.76,27.34,19.72,0.68
2021-08-30,2021,242,22.85,88.01,94.06,2.47,35.02,0.75,27.21,19.99,1.09
2021-08-31,2021,243,23.12,86.37,94.1,2.55,35.24,0.75,27.55,20.49,0.48
2021-09-01,2021,244,22.85,84.57,94.17,2.35,34.48,0.75,28.29,19.52,0.04
2021-09-02,2021,245,22.0,84.57,94.21,2.99,33.44,0.74,26.81,19.15,0.03
2021-09-03,2021,246,21.58,85.01,94.16,2.9,33.27,0.74,26.17,18.79,0.01
2021-09-04,2021,247,21.79,86.81,94.18,2.66,34.22,0.73,26.64,18.91,0.46
2021-09-05,2021,248,22.72,85.88,94.15,2.49,35.37,0.73,27.75,19.19,0.71
2021-09-06,2021,249,23.38,85.99,94.18,1.95,35.11,0.73,27.64,20.47,1.46
2021-09-07,2021,250,22.97,89.17,94.19,2.62,35.05,0.75,27.01,20.31,37.51
2021-09-08,2021,251,22.4,87.65,94.19,3.13,34.07,0.78,26.57,19.53,10.51
2021-09-09,2021,252,21.68,85.99,94.21,2.9,33.62,0.78,26.05,18.91,2.54
2021-09-10,2021,253,22.63,87.57,94.21,2.36,35.05,0.76,27.6,18.96,0.85
2021-09-11,2021,254,23.02,89.76,94.1,2.24,35.32,0.76,27.29,20.23,6.24
2021-09-12,2021,255,22.98,89.04,94.04,2.14,35.73,0.76,26.79,20.83,3.58
2021-09-13,2021,256,23.25,88.37,94.07,1.59,35.55,0.76,26.92,20.74,2.26
2021-09-14,2021,257,22.97,88.72,94.22,1.14,34.91,0.77,26.32,20.77,13.34
2021-09-15,2021,258,23.77,84.93,94.23,1.08,34.78,0.77,28.33,20.1,5.73
2021-09-16,2021,259,23.6,88.02,94.15,1.89,34.98,0.79,27.92,20.71,17.2
2021-09-17,2021,260,23.38,87.4,94.07,2.75,34.48,0.78,28.13,20.41,0.95
2021-09-18,2021,261,23.39,86.25,94.17,3.01,34.32,0.77,28.09,19.92,0.22
2021-09-19,2021,262,23.16,85.77,94.23,3.14,35.0,0.76,27.62,20.4,0.82
2021-09-20,2021,263,22.64,86.42,94.18,3.06,34.27,0.76,26.74,20.09,11.11
2021-09-21,2021,264,22.48,89.76,94.12,1.89,34.91,0.77,25.79,20.05,7.88
2021-09-22,2021,265,23.22,86.22,94.11,1.85,35.11,0.77,27.5,19.76,4.69
2021-09-23,2021,266,23.48,86.24,94.13,2.18,35.5,0.77,28.11,20.08,8.71
2021-09-24,2021,267,23.47,87.55,94.12,2.02,35.48,0.78,27.87,20.97,8.06
2021-09-25,2021,268,23.87,86.09,94.0,1.75,35.64,0.77,28.46,20.75,6.43
2021-09-26,2021,269,23.43,89.11,93.96,2.03,35.9,0.78,27.36,20.75,12.61
2021-09-27,2021,270,23.01,89.19,93.96,2.47,35.5,0.8,27.03,20.22,23.38
2021-09-28,2021,271,22.36,86.41,94.03,2.76,34.49,0.8,27.46,19.27,3.04
2021-09-29,2021,272,22.7,85.11,94.06,2.67,34.67,0.79,27.97,18.94,0.0
2021-09-30,2021,273,23.39,85.83,94.08,1.97,35.24,0.78,28.55,19.23,0.04
2021-10-01,2021,274,23.29,86.41,94.17,2.37,34.57,0.77,27.57,20.48,0.12
2021-10-02,2021,275,22.89,84.91,94.14,1.57,34.31,0.76,27.87,19.7,0.02
2021-10-03,2021,276,22.79,85.72,94.08,2.19,34.76,0.76,27.84,19.37,0.96
2021-10-04,2021,277,22.67,86.43,94.04,2.23,34.98,0.76,27.36,19.9,0.4
2021-10-05,2021,278,22.47,87.46,93.99,2.64,34.58,0.75,27.22,19.68,0.96
2021-10-06,2021,279,22.18,86.81,93.96,2.71,34.18,0.75,27.02,19.46,1.99
2021-10-07,2021,280,22.09,86.14,94.01,2.18,33.86,0.75,27.32,18.7,0.25
2021-10-08,2021,281,22.65,86.97,94.09,2.61,34.76,0.75,27.49,19.46,4.82
2021-10-09,2021,282,23.15,85.93,94.05,2.65,34.39,0.75,27.95,19.91,1.07
2021-10-10,2021,283,23.58,85.42,94.06,2.62,34.64,0.74,28.6,20.2,0.19
2021-10-11,2021,284,23.0,86.32,94.04,3.06,34.7,0.73,27.96,20.51,0.09
2021-10-12,2021,285,22.89,81.68,93.98,2.59,33.5,0.73,28.15,19.32,0.01
2021-10-13,2021,286,23.07,84.33,93.95,2.43,34.98,0.72,28.32,19.4,0.24
2021-10-14,2021,287,23.35,84.61,94.0,2.71,34.51,0.72,28.31,20.35,0.12
2021-10-15,2021,288,23.24,85.5,93.96,1.94,35.33,0.71,27.6,20.32,0.94
2021-10-16,2021,289,23.66,86.74,93.96,1.92,35.59,0.72,27.73,20.99,9.68
2021-10-17,2021,290,24.18,86.05,94.0,1.52,35.74,0.73,28.64,20.95,10.44
2021-10-18,2021,291,24.16,87.39,94.12,1.43,35.56,0.75,27.73,21.83,14.42
2021-10-19,2021,292,23.29,87.99,94.4,1.84,35.23,0.76,26.8,21.19,10.66
2021-10-20,2021,293,23.92,88.05,94.3,1.85,35.23,0.76,27.72,21.36,6.77
2021-10-21,2021,294,24.53,87.03,94.2,1.71,35.58,0.76,28.74,21.59,15.48
2021-10-22,2021,295,24.13,88.94,94.23,2.12,35.4,0.77,27.36,22.15,7.3
2021-10-23,2021,296,24.01,88.13,94.23,1.74,35.27,0.77,27.9,21.61,4.21
2021-10-24,2021,297,24.43,84.33,94.16,1.77,35.4,0.76,29.5,21.09,1.16
2021-10-25,2021,298,23.7,85.96,94.09,2.22,35.43,0.76,28.6,20.96,22.26
2021-10-26,2021,299,23.72,87.64,94.04,1.83,35.65,0.79,28.14,20.45,17.79
2021-10-27,2021,300,23.51,89.1,94.13,1.28,35.81,0.8,26.31,21.58,10.06
2021-10-28,2021,301,24.24,86.89,94.11,1.37,35.22,0.79,28.31,20.8,4.93
2021-10-29,2021,302,24.26,91.41,94.14,1.31,35.75,0.79,27.26,22.51,10.01
2021-10-30,2021,303,24.0,89.09,94.21,1.56,35.58,0.79,27.09,22.15,2.76
2021-10-31,2021,304,24.58,86.21,94.12,0.99,36.07,0.79,28.93,21.4,13.15
2021-11-01,2021,305,23.59,92.25,94.08,0.7,35.54,0.81,26.27,22.26,18.34
2021-11-02,2021,306,23.74,89.6,94.06,1.18,35.74,0.82,26.67,21.76,19.65
2021-11-03,2021,307,23.36,94.77,93.96,1.32,35.46,0.83,25.64,21.87,7.11
2021-11-04,2021,308,24.27,87.42,94.02,1.22,35.6,0.82,28.19,21.1,21.83
2021-11-05,2021,309,23.49,89.88,93.96,1.18,35.15,0.84,25.93,21.77,11.81
2021-11-06,2021,310,24.56,86.02,93.77,0.91,35.47,0.83,28.91,21.09,6.04
2021-11-07,2021,311,24.04,91.49,93.75,1.1,35.39,0.85,26.41,21.95,20.87
2021-11-08,2021,312,24.22,86.51,93.88,0.82,35.37,0.84,27.86,21.34,0.98
2021-11-09,2021,313,23.69,90.66,93.92,1.42,35.58,0.84,26.12,22.03,11.03
2021-11-10,2021,314,22.96,93.07,94.01,1.5,35.22,0.87,24.91,21.85,45.79
2021-11-11,2021,315,23.19,90.08,94.0,1.67,35.06,0.88,26.4,21.02,7.31
2021-11-12,2021,316,22.83,91.26,94.06,1.73,34.94,0.88,25.54,21.06,12.16
2021-11-13,2021,317,23.75,88.72,94.02,1.31,35.2,0.88,27.61,20.78,24.33
2021-11-14,2021,318,22.83,89.78,94.07,1.11,35.46,0.91,25.25,21.23,37.6
2021-11-15,2021,319,22.82,92.66,93.93,0.82,34.98,0.91,25.16,21.26,11.36
2021-11-16,2021,320,22.7,91.34,93.96,1.07,35.34,0.92,25.44,20.66,17.84
2021-11-17,2021,321,23.9,88.58,93.97,1.29,35.8,0.92,27.67,21.19,7.48
2021-11-18,2021,322,23.07,91.42,93.88,1.27,35.67,0.92,25.38,21.46,8.16
2021-11-19,2021,323,23.65,87.88,93.79,0.72,35.37,0.92,27.96,20.75,7.01
2021-11-20,2021,324,23.35,90.86,93.86,1.07,35.42,0.92,26.02,21.45,2.78
2021-11-21,2021,325,23.1,90.53,93.94,1.25,35.27,0.92,26.15,21.19,2.89
2021-11-22,2021,326,23.92,90.21,93.89,1.44,36.03,0.92,26.86,21.61,13.99
2021-11-23,2021,327,23.29,92.99,93.88,1.14,35.83,0.94,25.32,21.11,29.7
2021-11-24,2021,328,23.59,85.56,93.95,0.87,35.59,0.94,27.89,20.0,3.88
2021-11-25,2021,329,23.62,90.43,93.94,1.54,35.42,0.93,27.03,21.52,3.19
2021-11-26,2021,330,23.14,91.73,93.99,1.64,35.53,0.93,25.67,21.53,6.73
2021-11-27,2021,331,23.25,91.64,94.0,2.07,34.95,0.94,26.46,20.98,15.33
2021-11-28,2021,332,22.99,89.63,94.01,1.89,35.16,0.94,25.77,20.83,5.01
2021-11-29,2021,333,23.07,85.51,93.96,1.41,34.63,0.93,27.35,19.88,1.2
2021-11-30,2021,334,22.98,87.04,93.97,0.89,35.31,0.93,26.51,20.88,2.2
2021-12-01,2021,335,22.72,88.66,94.06,1.82,35.03,0.92,25.81,20.85,1.5
2021-12-02,2021,336,23.52,90.97,94.04,1.94,35.2,0.93,27.09,21.05,13.3
2021-12-03,2021,337,23.28,92.34,94.11,1.78,35.51,0.93,25.71,21.41,3.79
2021-12-04,2021,338,22.2,92.09,94.11,2.01,35.28,0.93,23.99,20.98,2.32
2021-12-05,2021,339,22.71,92.43,94.05,2.3,35.2,0.93,24.44,21.27,9.02
2021-12-06,2021,340,23.3,89.37,94.04,1.42,35.23,0.93,26.0,21.36,2.86
2021-12-07,2021,341,23.43,89.9,94.0,2.32,35.49,0.93,26.31,21.38,6.57
2021-12-08,2021,342,23.8,87.14,94.1,1.7,35.32,0.92,27.32,21.25,0.71
2021-12-09,2021,343,24.01,86.75,94.11,1.12,35.1,0.92,27.54,21.42,3.64
2021-12-10,2021,344,23.38,92.72,94.09,1.38,35.32,0.92,25.68,21.85,4.83
2021-12-11,2021,345,23.64,90.31,94.08,1.86,34.89,0.92,26.83,21.43,8.19
2021-12-12,2021,346,23.54,89.55,94.05,1.77,34.84,0.92,26.91,21.32,8.97
2021-12-13,2021,347,23.89,87.76,93.94,1.58,34.83,0.92,28.06,21.14,2.75
2021-12-14,2021,348,23.6,89.4,93.88,2.15,34.93,0.91,26.97,21.11,0.55
2021-12-15,2021,349,23.21,92.01,93.9,1.59,35.07,0.91,26.0,21.25,4.49
2021-12-16,2021,350,23.85,90.6,93.93,1.61,35.83,0.91,27.13,21.3,15.61
2021-12-17,2021,351,23.77,94.04,93.88,1.23,35.55,0.93,25.79,22.49,31.18
2021-12-18,2021,352,24.39,87.51,93.92,0.95,35.26,0.93,28.13,21.8,6.87
2021-12-19,2021,353,24.79,89.02,94.0,1.12,35.07,0.92,28.36,22.46,5.83
2021-12-20,2021,354,24.0,88.26,94.15,0.64,35.63,0.93,26.59,21.97,10.09
2021-12-21,2021,355,23.56,88.32,94.2,0.95,35.15,0.93,26.65,21.5,5.22
2021-12-22,2021,356,23.81,85.81,94.13,0.86,35.2,0.92,27.58,20.64,4.6
2021-12-23,2021,357,23.58,89.42,94.04,0.97,35.77,0.93,26.37,21.85,26.92
2021-12-24,2021,358,22.57,94.16,94.06,1.95,35.14,0.96,24.74,21.04,28.04
2021-12-25,2021,359,23.07,90.55,94.11,1.75,35.27,0.95,26.59,20.27,9.26
2021-12-26,2021,360,22.82,90.31,94.22,1.85,34.98,0.95,25.7,20.78,6.46
2021-12-27,2021,361,22.54,92.03,94.25,1.53,35.15,0.95,25.09,20.17,32.68
2021-12-28,2021,362,23.37,86.35,94.15,1.53,34.88,0.97,27.37,20.71,16.72
2021-12-29,2021,363,23.2,88.74,94.12,1.34,34.8,0.96,26.57,20.51,3.61
2021-12-30,2021,364,23.24,90.37,94.12,1.39,35.0,0.96,26.09,21.24,12.36
2021-12-31,2021,365,22.86,91.02,94.11,2.04,34.65,0.96,25.65,20.75,33.07
2022-01-01,2022,1,22.87,90.32,94.08,1.72,34.89,0.97,26.38,20.13,8.82
2022-01-02,2022,2,23.0,89.87,94.05,1.67,34.48,0.97,26.3,20.49,1.76
2022-01-03,2022,3,22.08,88.1,94.11,1.98,33.61,0.96,26.02,19.08,0.12
2022-01-04,2022,4,22.66,84.72,94.13,1.2,34.39,0.95,27.49,18.47,0.02
2022-01-05,2022,5,23.22,86.64,94.11,1.33,35.01,0.94,27.04,20.34,0.38
2022-01-06,2022,6,23.13,86.41,94.16,1.52,35.28,0.94,27.24,20.09,16.92
2022-01-07,2022,7,22.54,89.39,94.24,1.61,34.72,0.95,25.68,20.21,18.19
2022-01-08,2022,8,23.4,86.57,94.09,1.13,35.06,0.95,27.22,20.54,7.03
2022-01-09,2022,9,23.26,89.75,94.01,1.37,35.18,0.96,25.97,20.79,21.81
2022-01-10,2022,10,23.53,89.17,94.0,1.26,35.13,0.96,26.66,21.2,6.92
2022-01-11,2022,11,22.67,92.28,94.12,1.96,34.88,0.97,24.78,21.24,23.43
2022-01-12,2022,12,22.26,90.83,94.15,2.68,35.12,0.97,24.39,20.74,3.86
2022-01-13,2022,13,22.66,90.93,94.12,2.3,35.1,0.96,25.81,20.18,11.04
2022-01-14,2022,14,23.0,89.44,94.07,2.18,35.19,0.96,25.82,20.59,1.52
2022-01-15,2022,15,23.17,90.67,94.06,1.95,34.91,0.96,26.03,20.71,4.89
2022-01-16,2022,16,23.09,90.94,94.04,1.87,34.74,0.95,25.53,21.23,1.72
2022-01-17,2022,17,23.1,92.78,94.01,1.88,35.11,0.95,25.25,21.53,5.08
2022-01-18,2022,18,23.16,92.76,93.96,1.81,35.07,0.96,26.26,21.32,10.52
2022-01-19,2022,19,22.91,89.85,93.95,2.42,35.2,0.97,25.71,20.11,51.61
2022-01-20,2022,20,22.47,94.48,93.93,1.79,34.9,0.98,24.4,21.58,19.05
2022-01-21,2022,21,23.04,91.46,93.97,1.63,34.94,0.98,25.53,21.18,11.85
2022-01-22,2022,22,23.27,89.6,94.0,1.89,35.12,0.97,26.39,20.77,5.14
2022-01-23,2022,23,23.54,90.85,93.92,2.23,35.46,0.97,26.58,21.03,1.22
2022-01-24,2022,24,23.45,89.95,93.85,2.73,34.36,0.96,26.72,21.15,0.18
2022-01-25,2022,25,23.46,90.72,93.85,2.48,34.56,0.95,26.41,20.73,3.91
2022-01-26,2022,26,23.35,92.15,93.88,2.18,35.35,0.95,25.46,21.78,5.39
2022-01-27,2022,27,23.3,92.5,93.94,2.12,35.21,0.95,25.39,22.07,5.22
2022-01-28,2022,28,22.97,91.48,94.05,1.7,35.41,0.95,25.29,21.39,8.38
2022-01-29,2022,29,23.34,88.18,94.07,1.25,35.01,0.95,26.38,21.09,1.06
2022-01-30,2022,30,23.24,90.93,94.03,1.18,35.27,0.95,25.98,21.31,2.34
2022-01-31,2022,31,23.42,90.83,93.99,1.73,34.86,0.95,26.86,21.31,4.51
2022-02-01,2022,32,23.2,90.03,93.98,1.68,34.96,0.95,26.58,20.8,3.18
2022-02-02,2022,33,23.15,87.53,94.06,1.62,35.53,0.94,26.54,20.57,9.26
2022-02-03,2022,34,23.45,83.91,94.0,1.49,34.99,0.94,27.87,19.03,4.52
2022-02-04,2022,35,23.36,89.42,93.93,1.35,35.35,0.94,26.37,21.3,6.75
2022-02-05,2022,36,23.41,90.8,93.9,2.12,35.39,0.94,26.46,21.26,13.16
2022-02-06,2022,37,22.86,91.57,93.89,2.13,35.07,0.95,24.96,20.91,19.62
2022-02-07,2022,38,23.09,90.07,93.91,3.24,35.16,0.95,26.49,20.74,5.36
2022-02-08,2022,39,23.34,89.26,93.98,2.29,35.36,0.95,26.62,20.82,6.17
2022-02-09,2022,40,23.1,90.09,93.97,1.44,34.99,0.95,26.22,20.53,11.28
2022-02-10,2022,41,23.38,89.56,93.88,2.01,34.63,0.95,26.26,20.43,17.14
2022-02-11,2022,42,22.97,90.17,93.87,1.48,34.83,0.96,25.56,21.29,8.86
2022-02-12,2022,43,22.8,92.17,93.77,1.53,34.97,0.96,24.89,21.26,13.75
2022-02-13,2022,44,22.74,92.12,93.76,1.63,35.09,0.97,25.33,21.34,12.49
2022-02-14,2022,45,22.56,92.64,93.93,1.24,35.29,0.97,24.62,21.03,9.94
2022-02-15,2022,46,22.87,91.43,93.93,1.63,35.38,0.97,26.04,20.52,19.03
2022-02-16,2022,47,23.97,87.37,93.73,1.02,35.5,0.97,27.8,20.95,3.72
2022-02-17,2022,48,23.58,89.77,93.74,1.41,35.51,0.97,26.52,21.32,16.55
2022-02-18,2022,49,22.92,90.05,93.93,1.19,35.22,0.98,25.71,21.12,19.75
2022-02-19,2022,50,23.85,86.85,94.0,0.79,35.75,0.98,27.11,21.24,11.22
2022-02-20,2022,51,23.27,88.31,94.03,1.44,35.03,0.97,26.74,20.6,4.9
2022-02-21,2022,52,22.79,90.69,94.04,1.29,34.68,0.97,25.5,20.73,6.09
2022-02-22,2022,53,22.82,88.93,94.14,1.85,34.68,0.97,26.32,20.28,6.09
2022-02-23,2022,54,22.69,89.76,94.14,2.44,34.2,0.96,26.29,20.12,2.58
2022-02-24,2022,55,22.86,91.1,94.14,2.35,34.27,0.96,25.89,20.76,21.7
2022-02-25,2022,56,22.77,90.71,94.1,2.26,34.74,0.97,25.52,20.44,3.86
2022-02-26,2022,57,22.49,89.98,94.05,1.5,34.93,0.96,24.74,20.87,0.45
2022-02-27,2022,58,23.11,89.0,93.99,1.73,35.25,0.96,26.6,20.56,17.88
2022-02-28,2022,59,22.88,90.08,93.97,2.73,35.61,0.96,26.16,20.41,5.76
2022-03-01,2022,60,22.84,90.43,93.97,2.7,34.94,0.96,26.14,20.09,3.12
2022-03-02,2022,61,22.86,90.81,93.91,2.41,35.28,0.95,26.04,20.55,6.58
2022-03-03,2022,62,23.09,92.3,93.88,1.84,35.09,0.95,25.92,20.97,5.1
2022-03-04,2022,63,23.39,89.89,94.0,1.68,35.33,0.95,26.77,20.97,1.61
2022-03-05,2022,64,23.12,90.41,94.03,1.39,35.28,0.95,26.19,21.11,7.42
2022-03-06,2022,65,23.13,91.77,93.96,1.79,34.96,0.95,26.48,20.53,4.57
2022-03-07,2022,66,22.85,93.53,93.92,1.67,35.19,0.95,24.74,21.47,13.29
2022-03-08,2022,67,23.43,88.91,93.89,1.05,35.05,0.95,26.84,20.75,17.25
2022-03-09,2022,68,23.16,92.14,93.88,1.5,35.74,0.96,26.3,21.24,13.48
2022-03-10,2022,69,22.86,92.13,93.83,1.43,35.79,0.96,25.32,21.39,4.94
2022-03-11,2022,70,23.24,89.78,93.77,1.15,35.55,0.96,26.43,20.91,3.61
2022-03-12,2022,71,23.84,89.14,93.73,1.12,34.92,0.96,26.79,22.09,20.58
2022-03-13,2022,72,23.92,89.65,93.83,0.86,35.52,0.97,26.62,21.85,12.68
2022-03-14,2022,73,23.75,92.95,93.87,1.38,35.83,0.97,26.22,21.72,17.9
2022-03-15,2022,74,23.76,92.27,93.82,1.81,35.84,0.98,26.09,22.22,32.45
2022-03-16,2022,75,24.0,90.45,93.8,0.87,35.87,0.98,27.32,21.36,5.67
2022-03-17,2022,76,24.78,88.0,93.78,1.08,35.32,0.98,28.1,21.88,6.7
2022-03-18,2022,77,25.11,86.8,93.78,1.0,35.91,0.98,28.59,22.53,14.47
2022-03-19,2022,78,23.88,91.56,93.78,1.45,35.35,0.98,27.02,21.95,16.59
2022-03-20,2022,79,23.19,92.03,93.91,1.43,35.12,0.98,25.4,21.56,2.22
2022-03-21,2022,80,23.03,89.49,94.02,1.69,35.07,0.97,25.67,20.87,1.2
2022-03-22,2022,81,22.71,86.9,94.04,1.46,35.13,0.97,25.85,20.05,3.09
2022-03-23,2022,82,22.96,90.19,94.04,1.38,35.55,0.97,25.94,20.34,5.3
2022-03-24,2022,83,23.2,88.47,94.01,1.26,35.17,0.97,25.76,21.16,4.91
2022-03-25,2022,84,23.71,87.48,94.1,0.83,35.42,0.96,26.96,20.74,9.2
2022-03-26,2022,85,23.07,90.97,94.12,1.12,35.57,0.97,25.24,21.29,12.26
2022-03-27,2022,86,23.21,89.24,94.12,1.39,35.7,0.97,26.22,20.85,1.87
2022-03-28,2022,87,22.96,89.97,94.09,1.12,35.13,0.97,25.75,21.14,7.82
2022-03-29,2022,88,23.26,87.07,94.09,1.17,35.18,0.96,26.79,20.69,0.72
2022-03-30,2022,89,24.16,82.77,94.02,0.72,35.75,0.96,28.56,20.66,5.42
2022-03-31,2022,90,23.7,88.8,94.07,0.87,35.39,0.97,26.61,21.65,25.86
2022-04-01,2022,91,22.84,92.09,94.12,0.89,35.57,0.97,24.71,21.66,6.94
2022-04-02,2022,92,23.52,84.77,94.1,0.57,35.55,0.97,26.9,20.59,9.45
2022-04-03,2022,93,23.33,89.8,94.08,1.12,36.15,0.98,26.52,21.1,35.88
2022-04-04,2022,94,23.47,89.07,94.14,1.27,35.73,0.97,27.09,20.73,1.46
2022-04-05,2022,95,23.63,88.81,94.17,1.28,35.88,0.97,27.17,20.92,12.24
2022-04-06,2022,96,23.17,89.28,94.16,1.72,35.26,0.97,27.03,20.58,4.0
2022-04-07,2022,97,23.11,89.75,94.11,1.7,35.81,0.96,26.76,20.01,8.39
2022-04-08,2022,98,23.49,89.63,94.04,1.85,36.03,0.96,26.7,21.09,2.91
2022-04-09,2022,99,23.45,89.09,94.01,1.11,35.89,0.95,26.45,21.07,3.81
2022-04-10,2022,100,23.54,90.2,94.01,1.06,36.44,0.96,26.65,21.35,5.02
2022-04-11,2022,101,23.71,89.11,94.01,1.27,36.03,0.95,27.33,21.32,18.87
2022-04-12,2022,102,24.01,88.67,93.91,1.62,35.64,0.96,28.2,20.91,2.87
2022-04-13,2022,103,24.25,87.42,93.91,1.4,36.09,0.95,27.96,21.08,0.5
2022-04-14,2022,104,24.44,88.21,93.88,1.54,36.23,0.94,28.14,21.95,1.92
2022-04-15,2022,105,24.35,85.99,93.95,1.14,35.83,0.94,28.8,21.18,0.95
2022-04-16,2022,106,24.55,86.6,93.92,0.82,36.0,0.93,28.3,21.8,0.84
2022-04-17,2022,107,24.76,86.59,93.86,0.9,35.98,0.93,28.85,21.8,11.61
2022-04-18,2022,108,24.82,87.31,93.94,0.86,36.51,0.94,28.62,21.86,13.64
2022-04-19,2022,109,24.04,92.63,93.98,0.96,36.2,0.95,26.73,22.34,20.58
2022-04-20,2022,110,23.48,86.65,94.01,0.92,35.95,0.95,26.67,21.07,11.11
2022-04-21,2022,111,22.95,89.86,94.01,1.35,35.98,0.96,25.62,20.89,11.96
2022-04-22,2022,112,23.99,86.76,94.04,0.99,35.45,0.95,28.05,20.6,4.77
2022-04-23,2022,113,23.98,88.7,93.97,0.81,36.02,0.95,27.21,21.58,2.65
2022-04-24,2022,114,23.93,91.11,93.94,1.45,36.41,0.95,26.79,21.95,1.57
2022-04-25,2022,115,24.12,91.28,93.86,1.68,36.23,0.95,27.4,21.7,14.79
2022-04-26,2022,116,23.19,94.89,93.82,1.2,35.89,0.96,24.53,22.17,11.07
2022-04-27,2022,117,23.51,89.39,93.89,1.12,35.67,0.96,26.57,21.11,10.09
2022-04-28,2022,118,23.32,91.49,93.94,1.23,35.86,0.96,25.89,21.01,4.43
2022-04-29,2022,119,23.87,87.96,93.93,0.81,36.15,0.96,26.24,21.82,4.22
2022-04-30,2022,120,24.35,88.66,93.89,0.94,36.5,0.95,27.63,21.94,2.57
2022-05-01,2022,121,23.67,88.24,93.91,1.34,35.52,0.95,26.99,21.03,1.29
2022-05-02,2022,122,23.94,88.18,93.94,1.33,35.87,0.95,27.49,21.05,1.84
2022-05-03,2022,123,24.18,89.43,93.96,1.64,35.69,0.94,27.96,21.53,4.74
2022-05-04,2022,124,24.31,92.25,93.96,1.72,36.01,0.94,27.31,22.35,12.26
2022-05-05,2022,125,23.92,92.72,93.87,1.26,36.07,0.95,26.15,22.0,4.15
2022-05-06,2022,126,23.93,91.73,93.8,1.18,36.37,0.94,26.41,22.02,3.64
2022-05-07,2022,127,23.88,93.69,93.84,0.87,36.56,0.95,26.16,22.16,24.43
2022-05-08,2022,128,23.57,92.52,93.93,1.91,36.42,0.96,25.78,21.49,4.07
2022-05-09,2022,129,24.38,89.72,93.9,0.94,36.15,0.95,28.13,21.01,9.88
2022-05-10,2022,130,24.64,88.39,93.91,0.94,36.32,0.96,28.09,22.24,7.6
2022-05-11,2022,131,25.11,88.32,93.88,0.64,36.8,0.95,28.45,23.07,3.0
2022-05-12,2022,132,24.2,90.12,93.98,1.14,36.39,0.95,27.3,22.43,0.67
2022-05-13,2022,133,24.53,89.29,94.02,0.79,36.23,0.95,27.83,21.81,0.37
2022-05-14,2022,134,23.96,93.85,94.11,1.0,36.61,0.95,25.97,22.77,4.85
2022-05-15,2022,135,24.62,88.4,94.11,0.96,36.48,0.94,28.02,22.17,1.4
2022-05-16,2022,136,23.94,92.38,94.09,1.22,35.81,0.94,26.51,22.31,1.2
2022-05-17,2022,137,23.83,86.34,94.11,0.62,35.09,0.94,26.96,21.66,3.68
2022-05-18,2022,138,24.02,88.19,94.16,1.02,36.09,0.94,27.94,20.87,6.58
2022-05-19,2022,139,23.21,95.0,94.14,1.42,36.35,0.95,24.45,21.82,20.42
2022-05-20,2022,140,23.66,88.93,94.1,0.88,35.81,0.95,26.88,20.84,6.94
2022-05-21,2022,141,23.71,90.09,94.01,0.87,36.13,0.95,26.85,21.38,4.68
2022-05-22,2022,142,23.14,88.56,93.92,1.28,35.49,0.95,26.62,20.58,3.96
2022-05-23,2022,143,22.54,91.61,93.96,1.61,35.28,0.94,24.98,20.96,0.93
2022-05-24,2022,144,23.6,89.49,94.08,1.63,35.53,0.94,27.39,20.15,2.07
2022-05-25,2022,145,24.03,89.22,94.12,1.14,35.94,0.94,27.17,21.9,2.7
2022-05-26,2022,146,22.45,89.63,94.18,1.22,35.27,0.95,24.46,20.75,25.59
2022-05-27,2022,147,23.41,86.29,94.05,1.0,36.25,0.95,27.25,20.22,0.67
2022-05-28,2022,148,23.48,85.67,94.05,0.94,35.62,0.94,26.87,21.03,0.53
2022-05-29,2022,149,23.0,87.54,94.01,1.56,35.39,0.94,26.92,19.52,6.39
2022-05-30,2022,150,22.77,90.29,93.92,1.92,35.52,0.94,26.21,20.36,2.21
2022-05-31,2022,151,23.28,88.52,93.93,1.18,36.15,0.93,27.46,19.52,1.12
2022-06-01,2022,152,23.08,89.25,94.03,1.09,35.97,0.93,25.71,21.03,1.83
2022-06-02,2022,153,22.88,89.21,94.05,1.34,35.65,0.92,26.45,19.88,4.28
2022-06-03,2022,154,23.14,89.52,94.07,1.07,35.6,0.92,26.74,20.63,0.86
2022-06-04,2022,155,23.45,90.21,94.07,1.17,36.03,0.92,26.75,21.08,0.54
2022-06-05,2022,156,23.45,89.6,94.04,1.07,35.85,0.93,26.37,21.19,37.69
2022-06-06,2022,157,22.89,90.72,94.0,1.06,35.55,0.95,25.78,21.02,23.37
2022-06-07,2022,158,23.21,90.89,93.98,1.62,35.19,0.95,26.31,21.06,3.3
2022-06-08,2022,159,23.34,89.26,94.02,1.06,35.88,0.94,26.47,20.83,2.42
2022-06-09,2022,160,23.01,91.56,94.01,1.15,35.03,0.94,25.25,20.94,2.27
2022-06-10,2022,161,23.34,87.41,93.96,0.97,35.63,0.94,27.52,19.93,6.47
2022-06-11,2022,162,23.83,89.13,93.98,0.99,35.91,0.94,26.67,21.57,9.52
2022-06-12,2022,163,23.85,88.78,94.04,0.69,35.83,0.95,26.7,21.82,14.52
2022-06-13,2022,164,23.17,90.83,94.05,1.11,35.59,0.96,26.19,21.24,12.84
2022-06-14,2022,165,22.89,90.63,94.06,1.19,35.54,0.95,25.39,20.98,5.14
2022-06-15,2022,166,23.27,88.75,94.05,1.28,35.38,0.95,26.27,21.24,2.55
2022-06-16,2022,167,22.51,90.37,94.11,1.24,35.49,0.95,25.28,19.97,5.98
2022-06-17,2022,168,22.72,85.44,94.1,0.77,35.0,0.95,25.62,20.34,1.13
2022-06-18,2022,169,23.21,89.45,94.1,0.87,35.53,0.95,26.57,20.33,2.77
2022-06-19,2022,170,23.42,90.61,94.05,1.66,35.67,0.94,26.72,20.69,3.63
2022-06-20,2022,171,23.04,91.0,93.94,1.79,35.5,0.95,25.81,21.19,17.89
2022-06-21,2022,172,22.75,90.97,93.95,1.53,35.02,0.96,25.85,20.78,6.6
2022-06-22,2022,173,22.79,89.92,94.07,1.99,34.88,0.95,26.37,20.22,0.14
2022-06-23,2022,174,22.77,91.36,94.14,2.16,35.29,0.94,26.47,19.62,2.86
2022-06-24,2022,175,22.57,92.93,94.05,2.09,35.41,0.94,24.79,21.11,2.01
2022-06-25,2022,176,22.92,91.94,93.96,1.79,35.37,0.94,26.19,20.4,11.77
2022-06-26,2022,177,22.43,94.58,94.06,1.89,36.11,0.97,24.41,21.17,49.15
2022-06-27,2022,178,22.63,92.71,94.09,2.72,36.26,0.97,26.27,20.37,18.27
2022-06-28,2022,179,21.92,89.79,94.04,2.07,34.43,0.97,25.31,19.57,1.62
2022-06-29,2022,180,21.65,88.56,94.0,1.97,33.6,0.96,25.21,19.17,0.05
2022-06-30,2022,181,21.97,89.38,93.99,1.57,34.41,0.95,26.05,17.85,0.14
2022-07-01,2022,182,22.12,92.38,93.98,2.47,35.09,0.95,24.29,20.45,0.14
2022-07-02,2022,183,22.74,91.78,93.94,2.11,35.85,0.95,26.22,19.81,6.88
2022-07-03,2022,184,23.57,90.43,93.89,1.24,36.22,0.95,27.0,21.33,5.15
2022-07-04,2022,185,23.35,90.61,93.94,1.31,35.57,0.94,26.41,21.36,0.38
2022-07-05,2022,186,24.17,85.88,93.97,0.71,36.06,0.94,28.41,21.23,1.17
2022-07-06,2022,187,23.35,90.43,94.12,1.6,35.92,0.94,26.7,21.12,4.9
2022-07-07,2022,188,22.51,90.77,94.12,2.22,34.45,0.93,26.06,20.28,1.02
2022-07-08,2022,189,21.44,90.29,94.08,2.37,33.57,0.93,25.23,18.93,0.56
2022-07-09,2022,190,20.87,89.26,94.03,1.94,33.85,0.92,24.68,17.78,0.99
2022-07-10,2022,191,21.61,89.49,94.03,1.78,34.66,0.92,25.67,18.04,2.62
2022-07-11,2022,192,22.67,90.76,94.09,1.89,35.72,0.91,26.45,19.58,0.99
2022-07-12,2022,193,22.83,92.14,94.0,1.94,35.82,0.91,25.93,20.5,4.18
2022-07-13,2022,194,22.88,91.69,93.94,1.27,35.53,0.92,25.98,20.66,30.82
2022-07-14,2022,195,22.88,90.93,93.96,1.5,35.57,0.94,26.26,20.18,17.32
2022-07-15,2022,196,22.72,92.08,94.03,1.78,35.95,0.95,25.99,20.71,34.64
2022-07-16,2022,197,23.26,90.33,94.13,1.42,36.64,0.96,27.27,20.56,25.27
2022-07-17,2022,198,22.46,91.72,94.16,1.62,34.97,0.97,25.44,20.5,9.69
2022-07-18,2022,199,22.78,91.32,94.03,1.93,35.53,0.96,26.39,20.26,0.43
2022-07-19,2022,200,22.84,91.03,93.99,2.03,34.64,0.96,26.8,20.12,0.21
2022-07-20,2022,201,22.28,89.04,94.06,1.62,33.4,0.95,26.9,18.6,0.01
2022-07-21,2022,202,21.9,90.65,94.14,2.48,34.51,0.94,25.62,19.15,0.09
2022-07-22,2022,203,22.21,89.81,94.17,2.29,35.7,0.94,26.13,19.61,0.07
2022-07-23,2022,204,22.08,91.06,94.08,2.16,35.85,0.93,26.09,19.38,0.82
2022-07-24,2022,205,21.57,89.33,94.0,2.53,34.44,0.93,25.58,18.55,0.14
2022-07-25,2022,206,20.2,87.61,94.05,2.36,32.34,0.92,24.64,17.12,0.0
2022-07-26,2022,207,20.62,86.97,94.07,1.55,32.77,0.91,25.43,15.9,0.0
2022-07-27,2022,208,21.84,89.77,93.98,1.61,34.8,0.91,26.66,17.88,0.04
2022-07-28,2022,209,22.56,89.98,94.02,1.59,34.69,0.9,26.91,19.5,0.12
2022-07-29,2022,210,22.44,88.54,94.04,1.51,34.44,0.9,27.1,19.05,0.32
2022-07-30,2022,211,22.37,88.46,94.02,1.37,34.65,0.89,26.98,19.73,1.11
2022-07-31,2022,212,22.34,86.12,93.95,1.15,33.96,0.89,27.29,18.35,0.0
2022-08-01,2022,213,22.5,84.81,93.93,1.03,33.75,0.88,27.47,18.7,0.0
2022-08-02,2022,214,22.67,90.14,93.99,1.46,35.33,0.87,26.99,19.31,0.04
2022-08-03,2022,215,23.54,89.21,94.02,1.49,35.91,0.87,27.63,20.64,0.14
2022-08-04,2022,216,22.8,89.06,94.08,2.32,34.15,0.86,26.97,19.48,0.2
2022-08-05,2022,217,21.89,85.55,94.12,1.5,32.6,0.86,26.7,18.05,0.14
2022-08-06,2022,218,21.99,88.9,94.12,1.73,34.25,0.85,26.33,18.8,2.92
2022-08-07,2022,219,22.34,89.63,94.08,2.7,35.09,0.86,26.08,20.18,5.83
2022-08-08,2022,220,22.33,89.34,94.05,2.36,34.98,0.85,26.36,19.26,1.53
2022-08-09,2022,221,22.59,89.54,94.03,2.31,35.91,0.85,26.56,19.88,10.95
2022-08-10,2022,222,22.72,90.22,94.05,2.17,36.23,0.86,26.4,20.03,17.85
2022-08-11,2022,223,23.42,90.95,94.03,1.65,36.27,0.88,26.95,20.98,9.27
2022-08-12,2022,224,23.87,88.84,94.03,1.07,36.21,0.87,27.98,21.02,5.93
2022-08-13,2022,225,23.24,90.79,94.07,0.95,36.22,0.88,26.1,21.1,17.03
2022-08-14,2022,226,23.27,89.18,94.06,0.98,35.75,0.88,26.35,21.13,8.23
2022-08-15,2022,227,22.95,88.33,94.1,0.92,35.78,0.88,26.32,19.97,4.0
2022-08-16,2022,228,23.09,91.51,94.11,1.88,36.05,0.88,26.77,21.08,4.79
2022-08-17,2022,229,22.05,88.02,94.2,2.85,34.27,0.88,25.94,19.96,1.52
2022-08-18,2022,230,22.11,89.77,94.11,2.96,35.74,0.87,26.3,19.66,0.71
2022-08-19,2022,231,22.56,88.51,94.1,3.0,36.21,0.87,26.68,19.42,0.09
2022-08-20,2022,232,22.29,86.2,94.11,2.79,35.07,0.86,26.75,19.83,0.73
2022-08-21,2022,233,22.23,88.12,94.07,2.02,35.96,0.85,26.86,18.93,1.35
2022-08-22,2022,234,22.41,88.53,94.1,2.43,34.64,0.85,26.64,19.61,0.24
2022-08-23,2022,235,22.37,88.14,94.1,2.39,34.44,0.85,26.95,19.09,0.13
2022-08-24,2022,236,21.75,86.45,94.14,2.76,33.85,0.84,26.5,18.86,0.01
2022-08-25,2022,237,21.84,88.09,94.12,2.34,34.31,0.84,26.23,18.22,0.03
2022-08-26,2022,238,22.53,89.29,94.03,2.22,35.55,0.83,27.04,19.37,0.13
2022-08-27,2022,239,22.04,89.67,94.03,2.64,35.31,0.83,26.05,19.56,1.15
2022-08-28,2022,240,21.67,88.48,94.04,2.56,35.48,0.82,26.01,19.02,0.24
2022-08-29,2022,241,21.46,88.3,94.07,2.2,35.06,0.82,26.6,17.96,0.14
2022-08-30,2022,242,22.44,88.14,94.02,1.96,35.6,0.81,27.17,18.79,0.36
2022-08-31,2022,243,22.92,89.26,93.95,1.76,36.35,0.81,27.46,20.05,1.3
2022-09-01,2022,244,23.38,89.25,94.01,2.02,36.03,0.81,27.95,20.72,1.89
2022-09-02,2022,245,23.82,85.8,94.1,1.73,35.37,0.81,28.78,20.39,0.38
2022-09-03,2022,246,22.8,88.18,94.15,2.2,34.95,0.8,27.27,19.71,0.14
2022-09-04,2022,247,22.49,84.6,94.17,1.78,33.64,0.8,27.72,18.44,0.07
2022-09-05,2022,248,23.1,85.38,94.17,1.29,35.38,0.79,27.9,19.47,1.36
2022-09-06,2022,249,22.97,90.08,94.11,1.88,35.93,0.79,26.8,20.44,4.03
2022-09-07,2022,250,23.14,89.67,94.16,1.87,36.26,0.81,27.51,20.03,24.71
2022-09-08,2022,251,23.49,87.48,94.22,1.26,35.55,0.83,27.31,20.45,14.21
2022-09-09,2022,252,23.08,89.03,94.25,0.92,35.24,0.83,26.26,21.25,9.09
2022-09-10,2022,253,23.04,90.98,94.17,1.14,36.03,0.84,26.34,20.87,31.0
2022-09-11,2022,254,23.21,90.12,94.07,1.27,36.12,0.86,26.29,21.05,13.18
2022-09-12,2022,255,23.79,85.44,94.08,1.22,34.96,0.85,28.59,20.72,6.52
2022-09-13,2022,256,23.52,86.84,94.29,2.03,35.11,0.85,28.19,20.18,7.42
2022-09-14,2022,257,23.26,86.82,94.38,2.56,34.95,0.84,27.16,20.63,4.69
2022-09-15,2022,258,22.64,90.38,94.26,2.94,35.38,0.85,25.69,21.03,24.89
2022-09-16,2022,259,22.69,91.33,94.15,2.43,35.48,0.88,26.13,20.95,20.74
2022-09-17,2022,260,23.16,88.16,94.13,2.25,34.9,0.87,27.69,20.22,1.37
2022-09-18,2022,261,22.93,87.7,94.19,2.32,34.64,0.86,27.43,20.11,0.22
2022-09-19,2022,262,22.68,88.07,94.23,2.39,35.06,0.85,27.18,19.49,4.05
2022-09-20,2022,263,22.4,89.43,94.22,2.31,35.16,0.86,25.47,20.03,7.87
2022-09-21,2022,264,22.86,90.09,94.16,1.94,35.58,0.86,26.24,20.34,11.6
2022-09-22,2022,265,22.99,90.29,94.12,2.47,36.21,0.87,26.2,20.8,11.15
2022-09-23,2022,266,23.28,89.38,94.09,1.9,36.06,0.88,27.07,20.6,19.65
2022-09-24,2022,267,23.33,88.31,94.07,2.23,35.79,0.88,27.61,20.26,3.01
2022-09-25,2022,268,23.11,89.01,94.09,2.73,35.19,0.87,26.91,20.66,0.97
2022-09-26,2022,269,22.85,88.59,94.08,2.96,35.34,0.86,26.54,20.52,1.42
2022-09-27,2022,270,22.43,86.94,93.97,2.78,34.9,0.86,26.72,19.83,0.22
2022-09-28,2022,271,22.36,87.71,93.91,2.57,34.99,0.85,26.93,19.14,0.33
2022-09-29,2022,272,23.21,85.53,93.96,1.77,35.59,0.85,27.96,19.58,0.35
2022-09-30,2022,273,23.24,88.83,94.06,1.79,36.07,0.84,27.49,20.63,3.96
2022-10-01,2022,274,24.02,87.54,94.05,0.87,36.77,0.84,28.46,20.93,3.84
2022-10-02,2022,275,23.88,87.24,93.94,1.03,36.66,0.84,28.44,21.11,2.74
2022-10-03,2022,276,23.05,90.14,93.96,1.51,36.27,0.84,26.72,21.09,6.43
2022-10-04,2022,277,23.29,88.79,94.03,2.03,36.22,0.84,27.64,20.8,6.3
2022-10-05,2022,278,23.22,88.91,94.04,1.52,35.95,0.84,27.47,20.5,11.5
2022-10-06,2022,279,22.22,93.43,94.09,2.16,36.19,0.86,23.99,21.13,16.34
2022-10-07,2022,280,22.94,93.83,94.04,1.43,35.96,0.88,25.17,21.41,24.82
2022-10-08,2022,281,23.14,92.65,94.09,2.04,36.21,0.89,25.97,21.39,15.12
2022-10-09,2022,282,23.23,91.71,94.17,1.84,35.92,0.9,26.22,21.46,15.07
2022-10-10,2022,283,22.45,94.77,94.22,1.54,35.93,0.91,24.33,20.85,17.97
2022-10-11,2022,284,22.63,90.81,94.19,1.54,35.72,0.91,25.31,20.56,4.32
2022-10-12,2022,285,23.1,89.89,94.13,2.23,35.94,0.9,26.81,20.41,5.31
2022-10-13,2022,286,23.02,90.4,94.05,2.7,36.22,0.9,26.77,20.97,15.59
2022-10-14,2022,287,22.5,90.5,93.94,2.32,36.3,0.91,26.41,20.18,11.98
2022-10-15,2022,288,22.28,90.8,94.01,2.07,35.99,0.93,25.45,20.24,41.0
2022-10-16,2022,289,23.06,90.36,94.14,2.37,36.01,0.92,27.1,19.91,3.65
2022-10-17,2022,290,23.45,89.2,94.12,2.32,36.18,0.92,27.32,21.05,3.77
2022-10-18,2022,291,22.64,93.59,94.02,1.9,36.14,0.93,24.78,21.14,21.13
2022-10-19,2022,292,23.13,91.92,94.04,1.62,36.16,0.93,26.17,21.0,5.26
2022-10-20,2022,293,23.65,90.75,94.06,1.24,36.38,0.93,27.04,20.79,2.4
2022-10-21,2022,294,23.19,94.15,94.15,1.77,36.14,0.92,25.21,21.63,3.24
2022-10-22,2022,295,24.04,87.85,94.15,0.94,36.01,0.92,28.05,20.94,0.74
2022-10-23,2022,296,23.57,90.69,94.1,1.77,36.29,0.92,26.45,21.42,3.53
2022-10-24,2022,297,22.61,91.66,94.14,2.44,35.68,0.92,25.35,20.71,5.38
2022-10-25,2022,298,23.04,90.17,94.14,2.28,35.91,0.92,26.28,20.65,9.58
2022-10-26,2022,299,22.26,91.67,94.09,1.57,35.85,0.92,24.92,20.49,3.46
2022-10-27,2022,300,22.26,87.99,93.99,2.51,35.08,0.91,25.99,19.82,0.13
2022-10-28,2022,301,21.56,88.18,93.99,2.55,34.85,0.91,25.17,19.3,0.48
2022-10-29,2022,302,21.86,87.76,93.98,2.23,35.08,0.9,26.29,18.58,0.9
2022-10-30,2022,303,21.83,87.91,94.0,2.48,35.7,0.89,26.25,18.71,1.26
2022-10-31,2022,304,21.88,89.56,94.04,2.31,34.65,0.89,25.82,18.9,4.57
2022-11-01,2022,305,22.2,90.85,94.07,1.92,35.93,0.9,25.39,19.39,34.28
2022-11-02,2022,306,23.13,90.0,94.07,2.22,36.22,0.92,27.2,20.42,12.17
2022-11-03,2022,307,23.87,89.44,94.06,1.66,36.26,0.92,27.4,21.22,11.91
2022-11-04,2022,308,22.99,95.14,94.17,1.8,36.03,0.92,24.7,21.47,18.11
2022-11-05,2022,309,23.32,93.24,94.22,1.75,36.14,0.93,25.78,21.83,22.13
2022-11-06,2022,310,22.89,92.9,94.2,1.14,35.79,0.95,25.29,21.42,28.65
2022-11-07,2022,311,23.28,89.71,94.17,0.61,35.78,0.96,26.54,20.95,14.44
2022-11-08,2022,312,23.45,85.51,94.13,1.01,35.65,0.95,27.51,20.01,1.5
2022-11-09,2022,313,22.72,91.56,94.08,0.66,35.88,0.95,24.44,21.21,8.23
2022-11-10,2022,314,23.2,90.64,94.05,1.54,36.16,0.95,26.31,20.88,10.74
2022-11-11,2022,315,23.05,91.42,93.98,1.58,36.16,0.95,26.23,20.81,5.8
2022-11-12,2022,316,23.3,91.54,93.91,1.17,35.92,0.95,25.79,21.11,7.69
2022-11-13,2022,317,23.84,91.13,93.93,1.08,36.03,0.96,27.13,21.62,9.68
2022-11-14,2022,318,24.06,89.36,93.93,1.04,36.1,0.95,27.47,21.67,8.34
2022-11-15,2022,319,23.15,93.95,93.93,1.63,35.95,0.96,25.35,21.49,4.26
2022-11-16,2022,320,23.44,90.94,93.92,1.01,35.86,0.95,26.16,21.67,5.66
2022-11-17,2022,321,23.84,89.15,93.89,1.25,36.33,0.95,27.17,21.29,10.51
2022-11-18,2022,322,23.33,91.31,93.88,0.98,35.97,0.95,25.35,21.71,7.52
2022-11-19,2022,323,23.2,88.92,93.85,1.51,35.78,0.96,25.74,21.19,8.81
2022-11-20,2022,324,23.34,89.52,93.81,2.12,36.21,0.95,26.96,20.92,5.19
2022-11-21,2022,325,22.95,90.84,93.83,2.63,35.52,0.95,25.98,19.98,3.77
2022-11-22,2022,326,22.74,92.26,93.95,2.48,35.75,0.95,25.21,21.27,10.33
2022-11-23,2022,327,23.48,88.56,94.03,1.16,35.57,0.95,26.6,20.84,5.21
2022-11-24,2022,328,23.5,86.86,94.1,0.58,36.05,0.95,27.23,21.03,15.17
2022-11-25,2022,329,22.93,93.37,94.09,1.37,35.95,0.95,24.86,21.38,13.49
2022-11-26,2022,330,22.63,92.95,94.07,1.89,35.88,0.96,24.99,20.88,40.7
2022-11-27,2022,331,22.53,91.71,93.97,1.62,35.89,0.96,25.44,20.64,5.62
2022-11-28,2022,332,22.54,92.49,93.95,1.6,36.14,0.96,25.59,20.74,1.68
2022-11-29,2022,333,22.74,92.11,93.99,2.14,36.19,0.96,25.65,20.76,2.71
2022-11-30,2022,334,22.34,91.93,93.95,1.61,35.82,0.95,24.59,20.89,2.89
2022-12-01,2022,335,22.73,90.5,93.85,1.88,35.86,0.95,26.45,20.02,9.98
2022-12-02,2022,336,22.66,89.13,93.82,1.47,35.66,0.96,26.16,20.46,19.77
2022-12-03,2022,337,22.84,91.43,93.83,1.92,36.24,0.96,26.35,20.41,8.22
2022-12-04,2022,338,23.35,90.7,93.88,1.12,35.8,0.96,26.33,21.24,4.47
2022-12-05,2022,339,24.02,87.81,93.92,1.06,35.71,0.96,27.66,21.32,7.79
2022-12-06,2022,340,23.54,92.09,93.86,1.04,35.88,0.95,26.3,21.78,1.7
2022-12-07,2022,341,24.09,88.9,93.81,1.27,36.12,0.95,27.55,22.01,1.71
2022-12-08,2022,342,23.41,92.71,93.88,1.78,36.26,0.95,25.73,21.99,2.05
2022-12-09,2022,343,23.8,89.11,93.88,1.72,35.73,0.95,26.83,21.76,15.24
2022-12-10,2022,344,23.27,88.3,94.0,2.22,35.53,0.95,27.09,20.73,0.5
2022-12-11,2022,345,23.58,87.57,93.97,1.37,35.61,0.94,27.7,19.77,5.63
2022-12-12,2022,346,23.86,91.21,93.89,1.81,35.94,0.96,27.21,22.15,34.51
2022-12-13,2022,347,23.84,90.58,93.94,0.92,36.34,0.96,27.36,21.72,10.03
2022-12-14,2022,348,23.35,93.61,93.94,1.24,36.0,0.96,25.38,22.2,1.97
2022-12-15,2022,349,23.57,90.99,93.82,1.46,36.19,0.95,26.54,21.58,3.95
2022-12-16,2022,350,23.25,92.08,93.85,1.56,35.96,0.96,25.94,21.61,15.65
2022-12-17,2022,351,23.38,88.55,93.87,1.57,35.29,0.96,27.14,20.71,3.26
2022-12-18,2022,352,23.73,86.63,93.76,1.38,35.23,0.95,27.93,20.48,1.67
2022-12-19,2022,353,23.27,88.18,93.75,1.03,35.57,0.94,26.34,21.09,3.21
2022-12-20,2022,354,23.58,86.77,93.8,1.39,35.99,0.94,27.35,20.78,2.16
2022-12-21,2022,355,23.01,90.66,93.78,1.66,35.96,0.94,26.06,20.26,3.98
2022-12-22,2022,356,22.95,92.17,93.75,2.66,35.79,0.94,25.29,21.01,10.0
2022-12-23,2022,357,22.83,91.39,93.84,2.6,35.56,0.94,25.29,20.47,4.14
2022-12-24,2022,358,22.95,89.45,94.0,2.26,35.64,0.93,26.11,20.57,1.48
2022-12-25,2022,359,22.54,90.52,94.03,2.6,35.56,0.93,24.34,20.67,2.31
2022-12-26,2022,360,23.12,89.81,94.14,2.51,35.72,0.93,25.64,20.74,13.03
2022-12-27,2022,361,22.52,88.9,94.22,2.28,35.19,0.95,25.25,20.48,28.56
2022-12-28,2022,362,23.14,89.32,94.12,2.19,35.82,0.94,26.16,20.35,10.21
2022-12-29,2022,363,22.77,90.95,94.1,3.25,35.57,0.94,24.76,21.11,8.7
2022-12-30,2022,364,22.56,93.36,94.11,2.89,35.34,0.95,24.43,20.94,40.19
2022-12-31,2022,365,22.49,94.58,94.11,3.18,35.35,0.98,23.76,21.19,111.19
2023-01-01,2023,1,22.44,90.94,94.14,2.57,34.88,0.98,25.13,20.31,11.24
2023-01-02,2023,2,22.82,91.08,94.11,3.13,35.12,0.98,25.62,20.48,6.62
2023-01-03,2023,3,22.68,91.44,94.07,2.91,35.24,0.97,25.32,20.48,4.54
2023-01-04,2023,4,22.85,90.67,94.04,2.97,35.47,0.97,25.64,20.47,5.4
2023-01-05,2023,5,22.52,91.24,94.11,2.88,35.93,0.97,24.67,20.65,7.32
2023-01-06,2023,6,22.65,91.4,94.12,2.46,35.74,0.97,25.77,20.59,29.16
2023-01-07,2023,7,22.68,90.95,94.04,1.84,35.53,0.98,25.74,20.3,7.11
2023-01-08,2023,8,22.86,90.19,94.13,1.8,35.51,0.97,26.43,20.35,4.84
2023-01-09,2023,9,23.29,88.75,94.22,1.64,35.56,0.97,26.8,20.51,5.75
2023-01-10,2023,10,22.93,92.12,94.21,1.93,36.23,0.96,25.59,21.08,4.48
2023-01-11,2023,11,23.25,89.65,94.15,1.78,35.14,0.96,26.45,20.81,1.7
2023-01-12,2023,12,23.33,88.78,94.11,1.62,35.36,0.95,27.57,20.27,1.37
2023-01-13,2023,13,22.85,89.77,94.1,1.61,35.17,0.95,26.23,20.45,0.94
2023-01-14,2023,14,23.03,89.17,93.99,1.79,35.58,0.94,26.91,19.9,1.27
2023-01-15,2023,15,23.46,89.76,93.87,1.58,36.17,0.94,26.82,20.59,3.0
2023-01-16,2023,16,23.02,91.5,93.93,1.64,36.14,0.95,25.05,21.46,17.52
2023-01-17,2023,17,22.62,94.93,94.04,1.46,35.91,0.96,24.35,21.31,21.1
2023-01-18,2023,18,22.6,92.07,94.09,1.13,35.4,0.97,25.2,21.04,21.44
2023-01-19,2023,19,22.84,90.02,94.03,1.32,35.36,0.97,25.76,20.56,3.98
2023-01-20,2023,20,22.9,90.44,94.0,1.23,35.57,0.96,25.5,21.15,4.31
2023-01-21,2023,21,23.17,88.88,93.93,1.57,35.89,0.96,26.75,20.7,4.21
2023-01-22,2023,22,22.96,89.51,93.86,2.03,36.05,0.96,26.27,20.63,2.15
2023-01-23,2023,23,22.67,88.42,93.77,1.93,34.8,0.95,26.17,20.1,0.89
2023-01-24,2023,24,22.55,92.16,93.77,1.34,35.29,0.96,24.72,20.63,22.47
2023-01-25,2023,25,22.93,91.11,93.8,2.39,35.63,0.96,25.55,20.78,8.75
2023-01-26,2023,26,22.38,92.85,93.85,2.08,35.45,0.96,24.14,20.78,13.92
2023-01-27,2023,27,22.69,91.26,93.8,1.57,35.59,0.96,25.39,20.57,2.22
2023-01-28,2023,28,22.48,94.87,93.75,1.21,35.86,0.96,24.57,20.96,6.31
2023-01-29,2023,29,22.98,91.98,93.82,1.62,35.76,0.96,25.78,20.77,1.74
2023-01-30,2023,30,23.21,92.34,93.91,1.3,35.79,0.96,25.41,21.81,2.05
2023-01-31,2023,31,23.19,90.93,93.9,2.5,36.05,0.96,25.74,21.15,5.31
2023-02-01,2023,32,22.93,90.36,93.86,2.15,35.76,0.95,25.68,21.03,2.97
2023-02-02,2023,33,22.68,90.78,93.92,2.09,35.61,0.95,25.22,20.96,0.95
2023-02-03,2023,34,22.05,90.7,93.91,2.46,35.33,0.95,24.08,20.55,0.53
2023-02-04,2023,35,22.81,90.54,93.84,2.05,35.64,0.94,25.09,20.71,5.16
2023-02-05,2023,36,23.15,87.01,93.87,2.25,35.7,0.94,26.48,20.45,3.09
2023-02-06,2023,37,22.85,89.06,93.92,2.38,35.63,0.93,25.99,20.54,1.08
2023-02-07,2023,38,23.14,89.9,93.89,1.88,35.68,0.93,26.36,20.57,6.06
2023-02-08,2023,39,22.5,92.93,93.91,1.8,35.82,0.94,24.22,21.22,9.88
2023-02-09,2023,40,22.39,91.91,93.92,2.24,35.9,0.94,24.84,20.37,2.64
2023-02-10,2023,41,23.14,88.12,93.87,1.97,35.8,0.93,26.71,19.98,16.92
2023-02-11,2023,42,22.82,89.55,93.93,2.44,35.61,0.95,26.0,20.34,14.97
2023-02-12,2023,43,22.54,90.31,94.06,2.26,35.77,0.94,26.5,19.44,2.33
2023-02-13,2023,44,21.7,91.89,94.12,2.26,35.35,0.94,24.49,19.14,3.37
2023-02-14,2023,45,22.13,92.11,93.95,2.5,35.73,0.94,24.71,20.06,5.26
2023-02-15,2023,46,22.64,90.49,93.91,2.6,35.55,0.94,25.66,20.33,6.91
2023-02-16,2023,47,22.88,90.42,93.95,1.89,35.9,0.94,25.79,20.59,7.13
2023-02-17,2023,48,22.72,91.43,93.97,1.5,36.04,0.95,25.68,21.11,20.18
2023-02-18,2023,49,22.75,90.8,93.99,2.1,36.01,0.94,26.05,20.54,5.74
2023-02-19,2023,50,23.2,89.07,94.03,2.11,35.58,0.94,26.62,20.66,16.23
2023-02-20,2023,51,22.67,89.27,94.02,2.49,35.7,0.95,26.02,19.98,23.07
2023-02-21,2023,52,22.75,87.74,94.05,2.07,35.37,0.95,26.73,18.85,7.36
2023-02-22,2023,53,22.87,92.63,94.01,1.91,36.18,0.96,24.93,21.7,31.06
2023-02-23,2023,54,23.16,93.47,93.9,1.98,36.19,0.97,25.32,21.72,44.56
2023-02-24,2023,55,22.59,94.0,94.01,2.07,36.11,0.98,24.75,21.02,10.54
2023-02-25,2023,56,22.09,93.32,94.14,2.51,35.61,0.98,25.0,20.31,8.52
2023-02-26,2023,57,22.46,91.0,94.14,2.3,35.57,0.98,25.62,20.07,10.67
2023-02-27,2023,58,22.13,93.18,94.17,2.79,35.81,0.98,24.3,20.28,30.62
2023-02-28,2023,59,22.74,90.92,94.16,2.73,35.5,0.98,25.28,20.07,3.11
2023-03-01,2023,60,23.27,89.64,94.12,2.65,35.78,0.98,26.71,20.16,14.81
2023-03-02,2023,61,22.34,92.77,94.2,2.09,35.73,0.99,24.92,20.74,34.73
2023-03-03,2023,62,22.78,91.03,94.28,1.72,35.71,0.98,25.38,20.57,1.3
2023-03-04,2023,63,23.11,88.96,94.31,1.9,35.5,0.98,26.62,20.11,11.93
2023-03-05,2023,64,22.48,91.78,94.31,1.84,35.29,0.98,24.5,20.89,7.07
2023-03-06,2023,65,22.82,91.43,94.26,2.06,35.05,0.98,25.89,20.61,1.41
2023-03-07,2023,66,23.29,88.89,94.17,1.41,35.31,0.97,27.2,20.13,4.61
2023-03-08,2023,67,23.15,90.21,94.2,1.37,36.04,0.97,26.67,20.49,2.34
2023-03-09,2023,68,23.89,86.28,94.12,1.12,36.22,0.96,28.2,20.87,0.92
2023-03-10,2023,69,23.62,88.11,94.1,1.43,35.83,0.95,27.58,20.75,0.28
2023-03-11,2023,70,23.66,88.36,94.17,1.58,35.66,0.95,27.51,20.91,4.9
2023-03-12,2023,71,24.02,83.22,94.12,1.05,34.53,0.94,29.15,20.5,1.52
2023-03-13,2023,72,23.38,83.01,94.0,1.27,34.52,0.93,28.11,20.19,0.13
2023-03-14,2023,73,23.05,84.94,94.0,1.21,35.65,0.93,27.4,19.52,9.61
2023-03-15,2023,74,23.27,86.39,94.1,1.38,36.15,0.93,27.15,19.67,8.01
2023-03-16,2023,75,23.74,89.31,94.1,1.22,36.46,0.93,26.94,21.31,5.13
2023-03-17,2023,76,24.12,88.1,94.1,0.84,36.2,0.93,28.14,21.52,2.47
2023-03-18,2023,77,24.22,87.2,94.04,1.33,35.7,0.92,28.26,20.99,1.26
2023-03-19,2023,78,24.24,88.57,93.94,1.02,36.24,0.92,27.02,22.3,2.71
2023-03-20,2023,79,24.49,87.5,93.91,0.71,36.14,0.92,28.58,21.45,11.02
2023-03-21,2023,80,24.19,90.5,93.89,1.24,35.63,0.92,27.31,22.18,7.53
2023-03-22,2023,81,23.54,90.71,93.87,1.11,36.11,0.93,25.56,22.05,19.03
2023-03-23,2023,82,24.84,85.19,93.88,0.3,36.36,0.93,28.79,21.87,1.43
2023-03-24,2023,83,24.3,90.38,93.92,1.08,36.12,0.92,27.47,22.18,3.37
2023-03-25,2023,84,24.14,89.62,93.99,0.94,36.09,0.92,27.74,22.06,10.21
2023-03-26,2023,85,23.71,91.68,93.93,1.38,36.13,0.94,26.1,22.07,26.43
2023-03-27,2023,86,23.55,90.17,93.95,0.87,36.1,0.95,26.8,21.57,8.94
2023-03-28,2023,87,23.71,88.24,94.03,0.98,35.84,0.94,26.27,21.9,1.05
2023-03-29,2023,88,23.38,90.39,94.01,0.72,35.81,0.94,25.75,22.13,1.18
2023-03-30,2023,89,23.72,85.09,93.97,1.4,36.1,0.93,27.24,21.7,1.73
2023-03-31,2023,90,22.64,91.59,94.01,1.28,35.87,0.93,24.53,21.21,2.97
2023-04-01,2023,91,22.81,91.35,94.04,1.64,35.79,0.93,26.06,20.67,6.93
2023-04-02,2023,92,22.95,89.09,93.95,1.33,35.78,0.93,26.52,20.13,1.87
2023-04-03,2023,93,23.01,88.15,93.99,1.02,35.68,0.93,26.07,20.79,5.17
2023-04-04,2023,94,22.81,89.46,94.04,1.42,35.65,0.93,26.27,20.74,4.67
2023-04-05,2023,95,23.75,86.3,94.03,1.02,35.4,0.92,28.05,20.48,0.04
2023-04-06,2023,96,22.32,92.31,94.1,1.28,35.68,0.92,24.47,21.03,1.28
2023-04-07,2023,97,22.6,89.21,94.17,1.01,35.22,0.92,25.2,20.45,3.38
2023-04-08,2023,98,22.96,90.54,94.21,1.48,35.76,0.92,26.39,20.7,5.1
2023-04-09,2023,99,23.09,89.95,94.19,1.72,35.4,0.91,26.41,20.58,3.93
2023-04-10,2023,100,23.15,90.41,94.12,2.13,36.11,0.92,26.4,21.02,9.91
2023-04-11,2023,101,23.31,90.45,94.02,1.86,35.88,0.92,26.54,20.99,2.51
2023-04-12,2023,102,23.88,92.13,93.96,1.64,36.36,0.91,26.84,21.31,9.84
2023-04-13,2023,103,23.24,92.95,94.01,2.1,36.07,0.92,25.67,21.8,3.49
2023-04-14,2023,104,23.19,90.76,94.05,1.72,36.5,0.91,26.39,21.01,0.73
2023-04-15,2023,105,23.38,89.63,93.99,1.46,36.19,0.91,27.51,20.77,4.25
2023-04-16,2023,106,23.62,87.93,93.98,1.25,35.87,0.91,27.26,20.8,1.8
2023-04-17,2023,107,24.35,85.3,94.12,0.72,35.73,0.9,28.67,21.45,0.16
2023-04-18,2023,108,24.06,89.38,94.15,1.28,36.07,0.9,27.44,21.75,0.64
2023-04-19,2023,109,24.31,87.92,93.96,1.52,36.21,0.89,28.52,21.28,1.16
2023-04-20,2023,110,24.4,88.94,93.81,1.36,36.04,0.89,27.98,21.57,10.43
2023-04-21,2023,111,24.24,89.84,93.88,1.07,35.98,0.9,27.37,21.98,4.54
2023-04-22,2023,112,24.2,92.05,93.89,1.85,36.31,0.9,27.13,22.58,3.41
2023-04-23,2023,113,24.49,89.23,93.98,1.3,36.51,0.89,27.99,21.78,3.91
2023-04-24,2023,114,24.75,89.48,93.93,1.05,36.33,0.89,28.35,22.22,5.44
2023-04-25,2023,115,24.42,85.75,93.91,1.08,36.06,0.9,28.36,22.1,16.54
2023-04-26,2023,116,24.0,91.57,93.89,1.11,36.37,0.9,26.88,22.58,6.22
2023-04-27,2023,117,24.35,92.21,93.89,1.57,36.42,0.92,27.13,22.26,63.68
2023-04-28,2023,118,24.43,91.67,93.89,1.16,36.28,0.95,26.95,22.94,12.83
2023-04-29,2023,119,23.88,89.97,93.91,1.19,36.03,0.94,26.54,22.04,5.73
2023-04-30,2023,120,24.62,82.68,93.87,0.65,35.79,0.94,29.3,21.15,7.75
2023-05-01,2023,121,24.15,88.68,93.91,1.23,36.54,0.94,27.74,21.17,9.92
2023-05-02,2023,122,23.79,89.36,94.02,1.15,36.26,0.94,26.62,21.98,15.15
2023-05-03,2023,123,24.25,91.17,94.0,1.1,36.78,0.95,27.46,22.27,12.71
2023-05-04,2023,124,24.11,90.29,93.95,0.9,36.61,0.96,27.21,22.18,20.46
2023-05-05,2023,125,24.33,90.94,93.75,0.48,36.64,0.96,27.75,21.84,5.84
2023-05-06,2023,126,24.23,90.7,93.82,1.16,36.66,0.96,27.05,22.3,10.62
2023-05-07,2023,127,24.24,91.72,93.89,1.23,36.43,0.95,27.28,22.28,1.62
2023-05-08,2023,128,24.48,88.35,93.96,0.87,36.03,0.95,27.94,21.94,0.37
2023-05-09,2023,129,24.54,88.84,94.01,1.15,35.74,0.94,27.83,22.09,0.43
2023-05-10,2023,130,24.12,92.4,94.05,1.82,36.13,0.94,26.79,21.99,13.53
2023-05-11,2023,131,24.12,90.87,94.17,1.82,36.44,0.95,27.33,21.91,19.5
2023-05-12,2023,132,24.17,92.33,94.19,2.05,36.13,0.96,27.45,22.23,7.89
2023-05-13,2023,133,23.28,90.9,94.26,2.47,35.0,0.95,27.02,19.88,0.39
2023-05-14,2023,134,22.2,88.77,94.35,2.73,33.71,0.94,25.98,19.45,0.01
2023-05-15,2023,135,22.22,88.82,94.32,2.2,34.34,0.94,26.11,19.12,0.01
2023-05-16,2023,136,22.23,88.61,94.35,1.75,33.99,0.93,26.14,19.3,0.06
2023-05-17,2023,137,22.43,87.55,94.33,1.45,34.2,0.92,26.76,18.96,0.02
2023-05-18,2023,138,22.63,87.36,94.32,1.34,35.07,0.92,27.2,18.82,0.03
2023-05-19,2023,139,23.46,88.02,94.27,1.26,35.62,0.91,27.88,20.05,0.04
2023-05-20,2023,140,23.18,88.54,94.22,1.86,34.77,0.91,27.28,20.81,0.0
2023-05-21,2023,141,22.77,88.93,94.32,1.94,34.15,0.9,26.84,19.39,0.01
2023-05-22,2023,142,22.62,89.21,94.32,1.93,33.87,0.89,26.79,19.59,0.17
2023-05-23,2023,143,22.64,87.89,94.32,1.46,33.89,0.89,27.2,19.12,0.13
2023-05-24,2023,144,23.08,88.47,94.36,1.61,34.41,0.88,27.19,19.93,0.03
2023-05-25,2023,145,22.85,89.69,94.34,1.91,34.46,0.88,26.75,20.02,1.57
2023-05-26,2023,146,22.7,88.8,94.28,1.94,34.45,0.87,26.6,19.77,0.23
2023-05-27,2023,147,22.85,89.63,94.12,1.93,35.57,0.87,26.49,20.3,0.12
2023-05-28,2023,148,22.54,88.72,94.09,1.83,34.61,0.86,26.02,20.05,0.01
2023-05-29,2023,149,22.51,88.15,94.14,1.68,34.53,0.86,27.1,19.07,0.13
2023-05-30,2023,150,22.53,88.54,94.16,1.57,34.51,0.85,26.74,19.12,0.05
2023-05-31,2023,151,23.03,88.95,94.13,1.78,34.91,0.85,27.06,20.04,0.02
2023-06-01,2023,152,23.37,89.23,94.13,1.83,35.2,0.84,27.25,20.49,0.02
2023-06-02,2023,153,23.55,90.34,94.13,2.17,35.46,0.84,27.51,20.8,0.01
2023-06-03,2023,154,23.38,90.42,94.18,2.03,35.3,0.84,26.99,20.71,0.01
2023-06-04,2023,155,23.27,89.62,94.1,1.88,35.79,0.83,27.13,20.4,0.36
2023-06-05,2023,156,22.94,91.38,94.06,2.06,35.93,0.83,26.57,20.54,8.99
2023-06-06,2023,157,22.73,92.28,94.11,2.46,36.47,0.85,26.49,20.73,22.82
2023-06-07,2023,158,22.8,92.74,94.15,2.23,36.55,0.87,26.07,20.92,13.01
2023-06-08,2023,159,23.53,90.74,94.16,2.16,35.89,0.86,27.31,21.21,1.46
2023-06-09,2023,160,22.98,90.39,94.13,2.21,34.68,0.85,26.57,20.52,0.09
2023-06-10,2023,161,22.43,89.61,94.06,1.86,34.39,0.84,26.65,19.51,0.04
2023-06-11,2023,162,22.61,91.51,94.07,1.86,35.19,0.85,26.44,19.23,17.82
2023-06-12,2023,163,23.28,92.28,94.1,1.64,35.81,0.86,26.57,21.09,6.45
2023-06-13,2023,164,23.49,91.08,94.11,2.12,35.76,0.85,27.06,21.21,0.12
2023-06-14,2023,165,22.91,89.2,94.22,1.73,35.07,0.85,26.58,20.33,0.02
2023-06-15,2023,166,22.82,88.88,94.2,1.47,35.19,0.84,26.6,20.36,0.06
2023-06-16,2023,167,22.61,89.42,94.19,1.1,35.18,0.84,26.49,19.72,4.55
2023-06-17,2023,168,22.88,89.3,94.18,1.17,35.67,0.84,27.55,19.83,1.98
2023-06-18,2023,169,23.58,89.11,94.11,0.98,36.1,0.84,27.55,20.32,0.36
2023-06-19,2023,170,24.06,89.38,94.11,0.75,36.28,0.83,27.75,21.9,4.87
2023-06-20,2023,171,22.68,88.01,94.24,0.8,35.61,0.84,25.54,20.48,1.55
2023-06-21,2023,172,22.85,90.66,94.24,1.85,35.27,0.83,26.86,20.02,0.02
2023-06-22,2023,173,22.95,89.62,94.15,1.75,34.46,0.83,27.24,19.59,1.03
2023-06-23,2023,174,23.03,88.7,94.09,1.38,34.69,0.82,27.54,19.92,0.44
2023-06-24,2023,175,23.0,87.82,94.04,1.24,34.59,0.82,27.97,19.61,0.8
2023-06-25,2023,176,22.67,88.43,94.02,1.41,34.76,0.82,27.05,19.77,3.68
2023-06-26,2023,177,22.5,86.84,94.09,1.12,35.34,0.82,27.16,19.16,4.75
2023-06-27,2023,178,22.34,91.13,94.2,2.25,35.93,0.82,25.79,20.21,12.17
2023-06-28,2023,179,22.6,91.43,94.23,2.82,36.15,0.83,26.25,20.41,6.32
2023-06-29,2023,180,22.89,90.47,94.17,2.6,35.61,0.83,26.53,20.74,2.28
2023-06-30,2023,181,22.72,90.02,94.17,2.12,34.86,0.82,26.57,19.92,0.65
2023-07-01,2023,182,22.83,90.21,94.21,2.45,35.14,0.82,26.85,20.15,0.67
2023-07-02,2023,183,22.47,91.38,94.31,1.95,35.58,0.82,25.83,20.11,20.3
2023-07-03,2023,184,22.48,90.85,94.22,1.98,35.5,0.84,26.07,20.54,5.89
2023-07-04,2023,185,22.45,89.65,94.13,1.83,35.58,0.83,26.42,19.76,0.36
2023-07-05,2023,186,22.66,90.85,94.09,2.23,36.07,0.82,26.51,19.88,0.65
2023-07-06,2023,187,22.96,92.29,94.16,2.46,36.69,0.84,26.91,20.43,46.93
2023-07-07,2023,188,22.7,93.11,94.22,2.56,36.35,0.88,25.24,21.0,17.22
2023-07-08,2023,189,22.37,92.32,94.29,1.82,36.01,0.87,24.83,20.73,5.96
2023-07-09,2023,190,23.01,89.99,94.11,1.81,35.87,0.86,26.71,20.61,2.74
2023-07-10,2023,191,22.75,89.64,94.14,1.57,35.23,0.85,26.97,19.63,1.33
2023-07-11,2023,192,22.35,89.8,94.22,2.02,34.15,0.85,26.72,19.49,1.15
2023-07-12,2023,193,21.38,88.59,94.26,2.48,33.38,0.84,25.43,18.48,0.26
2023-07-13,2023,194,22.11,91.42,94.23,2.19,35.44,0.84,25.77,19.16,1.11
2023-07-14,2023,195,21.87,92.13,94.27,2.85,35.3,0.84,25.21,19.98,0.61
2023-07-15,2023,196,22.52,89.81,94.19,1.86,35.0,0.83,27.2,19.45,0.08
2023-07-16,2023,197,22.1,90.18,94.19,2.45,34.3,0.83,26.05,19.44,0.01
2023-07-17,2023,198,21.27,88.84,94.16,2.46,32.79,0.82,25.72,18.36,0.0
2023-07-18,2023,199,21.37,88.31,94.18,2.05,32.55,0.82,26.07,17.91,0.0
2023-07-19,2023,200,20.86,87.43,94.16,2.78,32.13,0.81,25.15,17.87,0.0
2023-07-20,2023,201,20.92,87.93,94.17,2.57,32.8,0.81,25.34,17.67,0.0
2023-07-21,2023,202,21.24,88.93,94.31,2.52,33.88,0.8,25.72,18.26,0.01
2023-07-22,2023,203,21.49,88.5,94.31,2.19,34.0,0.8,25.96,18.12,0.0
2023-07-23,2023,204,21.7,88.76,94.27,2.16,34.81,0.8,26.43,18.67,0.13
2023-07-24,2023,205,21.42,88.36,94.24,1.21,34.46,0.79,26.56,17.56,0.04
2023-07-25,2023,206,21.72,88.68,94.26,1.57,34.04,0.79,26.93,17.48,0.0
2023-07-26,2023,207,21.28,87.78,94.34,2.22,32.24,0.79,26.1,18.23,0.0
2023-07-27,2023,208,20.88,87.92,94.37,2.38,32.22,0.78,25.75,17.33,0.0
2023-07-28,2023,209,20.84,88.13,94.34,2.45,32.88,0.78,25.39,17.88,0.02
2023-07-29,2023,210,20.62,87.96,94.34,2.69,32.39,0.77,25.58,17.46,0.0
2023-07-30,2023,211,20.45,86.76,94.32,2.86,32.31,0.77,24.94,17.71,0.29
2023-07-31,2023,212,21.24,87.94,94.24,1.82,33.54,0.77,26.39,17.63,0.26
2023-08-01,2023,213,22.16,85.86,94.24,1.56,33.81,0.76,27.57,17.74,0.04
2023-08-02,2023,214,23.01,87.83,94.34,1.31,35.88,0.76,28.32,19.15,0.43
2023-08-03,2023,215,22.6,89.07,94.44,2.18,36.14,0.76,27.26,19.74,0.27
2023-08-04,2023,216,22.0,87.89,94.55,2.76,34.63,0.75,26.82,18.95,0.04
2023-08-05,2023,217,22.18,86.65,94.49,2.7,33.82,0.75,27.07,18.62,0.06
2023-08-06,2023,218,22.33,87.79,94.37,2.05,35.66,0.74,27.17,19.02,0.22
2023-08-07,2023,219,22.4,88.56,94.27,2.0,34.52,0.75,27.21,19.15,9.6
2023-08-08,2023,220,21.96,86.88,94.32,2.02,33.41,0.76,27.03,18.62,1.31
2023-08-09,2023,221,21.34,84.7,94.42,2.16,32.42,0.75,26.73,17.86,0.02
2023-08-10,2023,222,20.92,86.57,94.41,2.01,32.38,0.74,26.68,16.95,0.0
2023-08-11,2023,223,20.66,85.29,94.36,2.4,31.5,0.74,25.95,17.0,0.0
2023-08-12,2023,224,20.85,86.08,94.28,2.07,32.48,0.73,25.75,17.31,0.04
2023-08-13,2023,225,21.39,86.45,94.27,1.81,33.24,0.73,26.83,17.36,0.04
2023-08-14,2023,226,21.56,85.8,94.29,2.0,33.1,0.72,26.91,17.79,0.0
2023-08-15,2023,227,21.55,86.92,94.37,2.4,33.34,0.72,26.26,18.1,0.01
2023-08-16,2023,228,21.53,86.34,94.38,2.79,33.08,0.72,26.42,18.13,0.43
2023-08-17,2023,229,20.87,87.09,94.32,3.16,34.16,0.71,25.46,18.31,0.65
2023-08-18,2023,230,20.91,86.6,94.25,2.31,34.09,0.71,25.79,17.55,0.03
2023-08-19,2023,231,21.6,86.92,94.21,2.16,34.16,0.71,27.1,17.53,0.01
2023-08-20,2023,232,21.61,86.51,94.25,2.47,33.95,0.7,26.9,17.86,0.0
2023-08-21,2023,233,21.81,84.76,94.23,2.93,33.82,0.7,26.9,18.37,0.0
2023-08-22,2023,234,21.84,85.21,94.23,3.01,35.09,0.7,26.95,18.73,0.0
2023-08-23,2023,235,21.82,84.49,94.24,2.71,34.72,0.69,27.22,18.66,0.0
2023-08-24,2023,236,21.88,84.4,94.19,2.54,33.84,0.69,28.12,17.85,0.0
2023-08-25,2023,237,22.17,84.63,94.21,2.66,34.65,0.68,27.95,18.44,0.0
2023-08-26,2023,238,22.14,83.55,94.21,2.61,34.95,0.68,27.91,18.54,0.0
2023-08-27,2023,239,21.79,84.47,94.2,2.29,34.43,0.67,27.31,18.41,0.0
2023-08-28,2023,240,21.78,82.22,94.17,2.13,33.57,0.67,27.94,17.67,0.0
2023-08-29,2023,241,22.13,82.07,94.14,2.29,33.3,0.67,28.28,18.0,0.0
2023-08-30,2023,242,22.01,82.08,94.21,2.13,33.18,0.66,27.98,18.45,0.0
2023-08-31,2023,243,21.71,84.51,94.27,2.65,34.0,0.66,27.3,18.04,0.0
2023-09-01,2023,244,21.53,81.65,94.24,2.88,33.06,0.66,27.78,17.88,0.0
2023-09-02,2023,245,20.97,80.88,94.18,2.63,32.43,0.65,27.19,16.88,0.0
2023-09-03,2023,246,20.65,81.45,94.18,3.06,32.46,0.65,26.81,17.2,0.0
2023-09-04,2023,247,21.05,79.29,94.08,2.61,32.57,0.65,27.97,16.93,0.0
2023-09-05,2023,248,21.52,80.48,94.21,2.79,33.01,0.64,28.62,16.89,0.0
2023-09-06,2023,249,21.87,84.47,94.29,3.06,34.79,0.64,27.49,18.07,0.0
2023-09-07,2023,250,22.2,82.49,94.31,2.71,34.63,0.64,27.82,18.6,0.0
2023-09-08,2023,251,22.22,81.22,94.28,2.49,34.37,0.63,28.55,18.32,0.0
2023-09-09,2023,252,21.81,78.53,94.24,2.38,31.62,0.63,28.55,17.56,0.0
2023-09-10,2023,253,21.85,78.67,94.29,3.03,33.11,0.63,28.54,17.55,0.0
2023-09-11,2023,254,23.12,79.59,94.24,2.26,35.36,0.62,30.0,18.21,0.0
2023-09-12,2023,255,23.49,80.7,94.33,2.72,35.15,0.62,29.53,19.61,0.0
2023-09-13,2023,256,23.02,80.12,94.3,2.7,35.78,0.62,28.93,18.94,0.04
2023-09-14,2023,257,21.99,81.95,94.34,3.2,35.97,0.61,27.15,19.15,1.86
2023-09-15,2023,258,22.68,80.87,94.28,3.41,34.55,0.62,29.03,18.7,2.71
2023-09-16,2023,259,23.11,81.77,94.23,2.56,35.81,0.62,29.35,19.06,1.05
2023-09-17,2023,260,22.94,83.02,94.18,2.71,36.62,0.61,28.74,19.6,0.29
2023-09-18,2023,261,22.6,82.64,94.19,2.91,35.46,0.61,28.32,19.38,0.08
2023-09-19,2023,262,22.55,81.86,94.22,2.61,34.83,0.61,28.81,18.9,0.01
2023-09-20,2023,263,23.1,78.73,94.19,2.31,34.56,0.6,29.4,18.98,0.0
2023-09-21,2023,264,22.55,78.98,94.27,2.81,33.48,0.6,29.1,18.3,0.0
2023-09-22,2023,265,21.72,79.2,94.24,3.08,32.56,0.6,27.85,17.82,0.0
2023-09-23,2023,266,22.59,80.22,94.2,2.78,34.26,0.59,28.69,18.33,0.0
2023-09-24,2023,267,23.57,77.74,94.15,2.29,35.27,0.59,30.46,18.88,0.0
2023-09-25,2023,268,23.01,79.79,94.2,3.19,35.04,0.59,29.47,19.53,0.0
2023-09-26,2023,269,23.23,75.05,94.22,2.99,33.71,0.58,30.0,18.48,0.0
2023-09-27,2023,270,23.35,74.48,94.21,2.9,34.14,0.58,30.75,18.87,0.0
2023-09-28,2023,271,24.15,73.5,94.21,2.24,34.18,0.58,31.87,19.13,0.0
2023-09-29,2023,272,24.36,75.15,94.31,2.33,34.63,0.57,31.79,19.67,0.02
2023-09-30,2023,273,23.91,74.85,94.32,2.58,34.17,0.57,31.0,19.72,0.01
2023-10-01,2023,274,23.38,74.55,94.3,2.7,34.41,0.57,30.3,18.85,0.03
2023-10-02,2023,275,22.99,78.05,94.38,3.01,35.54,0.57,29.02,19.01,0.08
2023-10-03,2023,276,23.42,79.07,94.39,2.62,36.44,0.57,29.6,19.37,0.07
2023-10-04,2023,277,24.53,78.11,94.28,2.14,36.24,0.56,31.57,19.87,0.65
2023-10-05,2023,278,25.26,75.34,94.22,2.38,35.52,0.56,32.7,20.47,0.11
2023-10-06,2023,279,25.65,73.76,94.22,2.37,35.9,0.56,32.94,20.76,0.02
2023-10-07,2023,280,25.41,72.52,94.23,2.43,36.32,0.56,32.48,20.81,0.03
2023-10-08,2023,281,25.51,72.54,94.29,2.37,35.78,0.55,32.61,20.73,0.05
2023-10-09,2023,282,25.73,69.68,94.31,1.74,35.24,0.55,32.96,20.4,0.05
2023-10-10,2023,283,25.11,72.47,94.3,2.1,36.24,0.55,32.31,19.77,0.96
2023-10-11,2023,284,24.27,71.18,94.25,2.18,34.71,0.55,32.42,19.15,0.93
2023-10-12,2023,285,24.7,71.56,94.31,2.39,35.16,0.55,32.35,19.56,0.04
2023-10-13,2023,286,24.85,73.88,94.32,2.39,35.95,0.55,31.92,20.67,4.26
2023-10-14,2023,287,24.64,78.14,94.22,2.17,36.11,0.56,30.88,20.78,3.13
2023-10-15,2023,288,25.12,73.84,94.21,2.19,35.43,0.55,31.83,20.51,0.19
2023-10-16,2023,289,25.81,70.92,94.18,2.43,35.82,0.55,32.83,21.16,0.14
2023-10-17,2023,290,25.7,69.84,94.22,2.53,35.78,0.55,33.28,20.61,0.15
2023-10-18,2023,291,25.34,69.98,94.26,1.97,35.27,0.54,32.88,19.91,0.09
2023-10-19,2023,292,25.2,71.61,94.28,1.72,35.55,0.54,32.24,20.01,0.05
2023-10-20,2023,293,25.38,72.45,94.27,2.0,36.14,0.54,31.82,20.54,0.05
2023-10-21,2023,294,25.77,67.68,94.24,1.45,36.17,0.54,33.37,20.35,0.03
2023-10-22,2023,295,25.55,66.43,94.26,1.02,35.7,0.53,33.27,19.0,0.01
2023-10-23,2023,296,25.31,71.34,94.25,1.4,36.6,0.53,31.8,20.47,0.03
2023-10-24,2023,297,24.78,76.88,94.26,2.07,36.33,0.53,30.24,21.44,2.3
2023-10-25,2023,298,24.77,79.08,94.29,2.04,36.3,0.54,30.36,21.68,1.32
2023-10-26,2023,299,25.67,73.0,94.3,2.4,36.06,0.54,33.0,21.04,0.21
2023-10-27,2023,300,26.09,69.4,94.23,2.21,35.28,0.53,33.58,21.18,0.02
2023-10-28,2023,301,25.55,72.42,94.22,2.47,35.07,0.53,32.49,20.93,0.03
2023-10-29,2023,302,26.06,69.73,94.15,2.47,35.95,0.53,33.51,21.15,0.06
2023-10-30,2023,303,26.05,72.08,94.09,2.34,36.85,0.53,33.04,21.69,0.09
2023-10-31,2023,304,26.19,73.93,94.12,2.43,36.99,0.52,33.14,21.87,3.1
2023-11-01,2023,305,26.06,73.52,94.15,2.74,36.78,0.53,32.32,21.88,0.48
2023-11-02,2023,306,26.41,71.21,94.07,2.49,36.12,0.53,33.5,21.65,0.11
2023-11-03,2023,307,25.99,76.86,94.02,2.15,36.81,0.52,32.26,22.16,3.06
2023-11-04,2023,308,24.54,86.61,94.02,2.43,36.79,0.54,27.65,22.91,8.02
2023-11-05,2023,309,24.15,88.79,94.07,1.94,36.93,0.56,27.3,22.36,10.85
2023-11-06,2023,310,25.24,79.21,94.12,1.93,36.45,0.56,31.25,21.85,1.8
2023-11-07,2023,311,25.11,77.34,94.14,2.04,36.11,0.56,31.12,21.23,0.09
2023-11-08,2023,312,25.86,72.82,94.05,1.57,35.69,0.55,33.23,20.89,0.17
2023-11-09,2023,313,25.65,74.48,94.13,1.97,36.41,0.55,32.67,21.36,2.36
2023-11-10,2023,314,24.84,78.22,94.21,1.9,36.36,0.55,30.98,21.33,11.73
2023-11-11,2023,315,24.52,80.65,94.24,1.78,37.1,0.57,30.21,21.28,8.04
2023-11-12,2023,316,24.65,82.24,94.22,2.28,36.96,0.58,30.08,21.48,9.55
2023-11-13,2023,317,24.84,84.73,94.18,1.84,37.0,0.58,29.9,21.87,7.74
2023-11-14,2023,318,25.02,87.01,94.13,1.96,37.3,0.61,29.4,22.68,46.82
2023-11-15,2023,319,24.1,91.28,94.18,1.94,36.98,0.68,26.88,22.44,21.7
2023-11-16,2023,320,24.11,90.88,94.21,2.06,36.76,0.67,27.57,21.87,11.08
2023-11-17,2023,321,23.98,88.27,94.19,2.1,35.85,0.66,27.18,21.68,0.69
2023-11-18,2023,322,23.79,83.65,94.17,2.49,35.01,0.64,28.54,20.57,0.23
2023-11-19,2023,323,24.34,82.38,94.15,2.59,35.84,0.62,29.88,20.8,0.45
2023-11-20,2023,324,24.56,83.47,94.15,2.63,36.63,0.62,29.44,21.29,9.36
2023-11-21,2023,325,24.69,84.66,94.05,2.46,37.23,0.63,29.92,21.71,7.04
2023-11-22,2023,326,24.9,84.59,93.97,2.51,36.87,0.63,29.73,21.9,10.06
2023-11-23,2023,327,24.71,87.54,93.93,1.77,36.62,0.64,28.43,22.19,7.04
2023-11-24,2023,328,25.13,85.45,93.92,1.86,36.67,0.64,29.75,22.57,8.76
2023-11-25,2023,329,24.82,86.14,93.99,1.33,36.12,0.66,28.94,22.46,11.83
2023-11-26,2023,330,24.6,82.85,94.02,1.92,36.16,0.64,29.12,21.7,0.83
2023-11-27,2023,331,23.87,86.36,93.98,1.28,35.99,0.65,28.72,21.17,26.07
2023-11-28,2023,332,23.53,85.62,94.03,1.76,36.12,0.68,27.12,20.9,6.05
2023-11-29,2023,333,24.2,86.99,93.99,2.04,37.15,0.67,29.04,21.49,4.72
2023-11-30,2023,334,24.11,89.93,94.0,1.81,36.95,0.66,27.79,21.82,5.38
2023-12-01,2023,335,23.12,93.82,93.97,2.09,36.37,0.7,25.3,21.02,35.57
2023-12-02,2023,336,23.39,88.55,93.99,2.1,36.53,0.7,27.06,20.92,2.77
2023-12-03,2023,337,23.74,89.73,94.04,1.74,36.56,0.7,27.35,21.53,20.6
2023-12-04,2023,338,23.89,89.16,94.13,1.32,36.2,0.73,26.99,21.56,21.13
2023-12-05,2023,339,23.78,91.54,94.07,1.66,36.54,0.73,26.88,21.76,12.21
2023-12-06,2023,340,24.21,88.51,94.09,1.28,36.26,0.72,27.76,21.85,2.05
2023-12-07,2023,341,24.78,85.99,94.09,1.3,36.59,0.71,28.99,21.7,2.38
2023-12-08,2023,342,24.26,87.78,94.08,1.86,36.53,0.7,27.81,22.3,0.25
2023-12-09,2023,343,23.89,87.82,94.05,1.62,36.15,0.69,26.71,21.83,0.04
2023-12-10,2023,344,23.99,86.91,94.02,1.86,36.36,0.69,27.77,21.51,1.05
2023-12-11,2023,345,24.14,83.84,94.02,2.21,35.77,0.68,28.89,21.04,1.08
2023-12-12,2023,346,24.09,83.32,93.98,1.88,34.89,0.68,29.57,20.28,0.82
2023-12-13,2023,347,24.42,84.65,94.01,2.03,36.25,0.67,29.46,20.45,0.58
2023-12-14,2023,348,24.14,82.38,94.12,2.18,36.23,0.66,29.05,21.5,0.09
2023-12-15,2023,349,23.92,80.94,94.08,2.06,34.87,0.66,29.16,20.59,0.1
2023-12-16,2023,350,24.09,79.8,94.04,1.59,35.07,0.65,30.16,19.7,0.03
2023-12-17,2023,351,24.17,81.12,94.06,1.72,35.46,0.65,29.63,20.06,0.24
2023-12-18,2023,352,24.33,80.95,94.08,1.79,35.76,0.64,29.78,20.31,0.01
2023-12-19,2023,353,24.0,81.01,94.14,2.31,35.41,0.64,29.14,20.65,0.1
2023-12-20,2023,354,23.59,80.3,94.09,2.04,35.33,0.63,28.75,20.06,0.09
2023-12-21,2023,355,24.34,78.82,94.09,1.16,35.34,0.63,30.23,19.84,0.0
2023-12-22,2023,356,24.69,79.22,94.16,1.0,35.89,0.62,30.67,20.4,0.16
2023-12-23,2023,357,25.36,80.23,94.2,1.39,36.2,0.62,31.42,21.22,0.53
2023-12-24,2023,358,25.43,80.31,94.14,0.99,36.14,0.62,31.13,21.67,6.76
2023-12-25,2023,359,24.17,87.53,94.17,0.69,36.33,0.64,27.19,21.98,11.82
2023-12-26,2023,360,24.1,81.1,94.26,1.13,36.46,0.65,28.96,20.86,1.99
2023-12-27,2023,361,24.37,86.37,94.31,1.27,36.78,0.64,28.34,21.41,1.3
2023-12-28,2023,362,25.11,88.38,94.16,1.86,37.06,0.64,28.91,22.49,8.88
2023-12-29,2023,363,24.66,93.81,94.01,1.63,36.81,0.69,27.01,23.32,58.21
2023-12-30,2023,364,24.57,92.3,94.01,1.24,37.04,0.75,26.89,23.04,15.43
2023-12-31,2023,365,24.26,91.53,94.1,2.09,36.8,0.74,26.42,23.04,8.37
2024-01-01,2024,1,24.88,88.8,94.06,1.33,36.67,0.74,27.76,22.6,13.05
2024-01-02,2024,2,24.24,90.82,94.01,1.14,36.69,0.74,26.34,22.61,13.29
2024-01-03,2024,3,24.62,87.39,94.02,0.86,36.38,0.77,27.64,22.22,32.66
2024-01-04,2024,4,23.95,88.69,94.09,0.99,35.81,0.77,26.83,22.07,17.88
2024-01-05,2024,5,24.57,86.32,94.11,1.36,36.41,0.77,28.58,21.53,6.27
2024-01-06,2024,6,24.62,88.69,94.02,1.27,36.5,0.76,28.14,22.49,3.36
2024-01-07,2024,7,23.86,92.49,94.01,1.12,36.38,0.76,26.5,21.57,7.01
2024-01-08,2024,8,24.12,85.45,94.1,1.22,36.03,0.75,28.74,20.14,1.51
2024-01-09,2024,9,24.59,86.42,93.98,0.81,36.44,0.74,28.6,21.75,1.11
2024-01-10,2024,10,24.38,92.74,93.89,1.2,36.86,0.74,26.45,22.85,3.84
2024-01-11,2024,11,24.73,89.86,93.97,1.19,36.41,0.75,27.99,22.73,17.76
2024-01-12,2024,12,24.04,88.45,93.98,1.86,35.71,0.76,27.39,21.59,1.82
2024-01-13,2024,13,24.26,84.68,94.0,1.91,35.37,0.75,28.69,20.93,0.27
2024-01-14,2024,14,24.7,84.56,93.99,1.47,35.71,0.74,29.13,21.25,0.27
2024-01-15,2024,15,24.39,85.79,93.99,1.41,36.08,0.74,28.22,21.93,12.95
2024-01-16,2024,16,24.14,87.3,93.96,1.27,36.32,0.77,27.25,21.73,19.63
2024-01-17,2024,17,24.17,90.44,93.94,2.22,36.52,0.78,27.21,22.24,11.57
2024-01-18,2024,18,23.38,90.36,94.01,2.55,36.61,0.78,25.8,21.85,16.07
2024-01-19,2024,19,23.5,90.34,94.03,3.64,36.39,0.81,26.41,21.83,31.53
2024-01-20,2024,20,23.84,88.68,94.07,3.23,35.83,0.82,27.5,21.68,7.92
2024-01-21,2024,21,24.15,87.62,94.09,2.94,36.38,0.8,28.03,21.58,2.0
2024-01-22,2024,22,24.34,89.15,94.12,2.95,35.96,0.8,28.01,21.69,20.87
2024-01-23,2024,23,23.83,91.05,94.17,2.41,36.09,0.82,26.55,21.95,14.1
2024-01-24,2024,24,24.46,89.92,94.16,1.94,36.5,0.81,27.96,21.78,8.23
2024-01-25,2024,25,23.88,90.66,94.25,1.74,36.07,0.82,26.79,22.15,4.22
2024-01-26,2024,26,23.8,90.1,94.3,1.57,36.31,0.81,27.09,21.65,3.21
2024-01-27,2024,27,23.86,88.92,94.29,1.46,36.54,0.82,27.38,21.38,16.35
2024-01-28,2024,28,24.23,86.45,94.31,1.27,36.42,0.82,27.82,21.25,7.84
2024-01-29,2024,29,23.59,91.89,94.23,1.15,36.57,0.84,25.36,21.8,27.6
2024-01-30,2024,30,24.25,90.11,94.18,0.97,36.59,0.84,27.22,22.63,7.03
2024-01-31,2024,31,23.73,88.24,94.32,1.71,36.28,0.85,26.21,22.03,20.24
2024-02-01,2024,32,24.23,89.38,94.26,1.33,36.29,0.84,27.82,21.5,7.97
2024-02-02,2024,33,23.92,89.88,94.22,1.76,36.67,0.84,27.09,21.93,6.37
2024-02-03,2024,34,22.78,93.8,94.21,1.64,35.7,0.87,24.76,21.1,50.26
2024-02-04,2024,35,22.89,89.96,94.35,1.8,36.05,0.88,25.02,21.15,22.62
2024-02-05,2024,36,24.0,87.71,94.34,1.47,36.41,0.88,27.32,21.19,12.64
2024-02-06,2024,37,23.74,92.34,94.3,1.73,36.54,0.89,26.01,22.31,19.17
2024-02-07,2024,38,23.11,88.82,94.24,1.5,36.12,0.89,25.88,21.11,5.5
2024-02-08,2024,39,24.26,84.84,94.15,0.98,36.43,0.88,28.82,20.45,4.35
2024-02-09,2024,40,24.39,89.6,94.17,1.35,36.58,0.88,27.5,22.39,4.39
2024-02-10,2024,41,23.98,93.36,94.22,1.45,36.68,0.89,25.97,22.66,19.17
2024-02-11,2024,42,24.17,86.83,94.33,1.25,36.07,0.9,27.69,21.64,10.47
2024-02-12,2024,43,24.03,87.29,94.29,1.46,36.05,0.89,27.76,21.57,1.02
2024-02-13,2024,44,24.39,87.92,94.24,1.38,36.31,0.89,28.09,21.61,9.11
2024-02-14,2024,45,25.0,86.64,94.13,0.73,36.52,0.89,28.63,21.9,12.44
2024-02-15,2024,46,24.83,89.86,94.16,1.24,36.75,0.89,28.4,22.76,4.57
2024-02-16,2024,47,25.42,86.58,94.1,0.95,36.33,0.89,29.58,22.22,2.18
2024-02-17,2024,48,25.32,87.3,94.08,1.28,36.54,0.89,29.02,22.91,21.84
2024-02-18,2024,49,24.45,87.63,94.15,1.16,36.35,0.9,27.23,22.57,7.35
2024-02-19,2024,50,25.02,87.11,94.15,0.6,36.45,0.89,28.99,22.36,4.45
2024-02-20,2024,51,25.02,90.31,94.11,0.98,36.92,0.89,28.44,22.77,7.92
2024-02-21,2024,52,25.53,86.48,94.09,1.32,36.82,0.89,29.43,22.81,0.22
2024-02-22,2024,53,25.16,85.1,94.15,1.59,36.36,0.88,29.35,22.14,0.08
2024-02-23,2024,54,24.5,90.41,94.15,1.58,36.51,0.87,27.19,22.48,0.69
2024-02-24,2024,55,24.78,90.34,94.07,1.6,36.74,0.88,27.79,22.66,7.63
2024-02-25,2024,56,24.09,92.26,94.08,1.61,36.32,0.88,26.61,22.48,16.96
2024-02-26,2024,57,24.79,85.99,94.11,1.63,36.18,0.89,28.51,21.88,1.88
2024-02-27,2024,58,24.67,90.98,93.97,0.88,36.69,0.88,26.86,23.14,2.35
2024-02-28,2024,59,24.59,92.42,93.86,0.85,36.24,0.88,26.64,23.34,1.19
2024-02-29,2024,60,24.98,87.37,93.97,0.91,36.59,0.88,27.61,22.95,0.22
2024-03-01,2024,61,24.64,90.17,94.02,1.06,36.97,0.87,27.47,22.71,2.86
2024-03-02,2024,62,24.44,90.25,94.0,1.14,36.33,0.87,27.31,22.61,3.8
2024-03-03,2024,63,24.54,89.46,94.07,1.29,36.67,0.87,26.95,22.74,3.09
2024-03-04,2024,64,23.99,89.82,94.1,1.37,36.75,0.87,27.16,21.45,2.85
2024-03-05,2024,65,24.88,89.43,93.94,1.23,37.04,0.87,28.92,21.93,2.07
2024-03-06,2024,66,24.15,91.57,93.93,1.16,36.47,0.87,26.01,22.28,5.25
2024-03-07,2024,67,25.06,89.44,93.88,1.31,36.65,0.87,29.1,21.79,0.41
2024-03-08,2024,68,24.45,92.72,93.86,1.6,36.69,0.86,26.23,23.09,7.46
2024-03-09,2024,69,23.76,94.06,94.01,2.48,36.2,0.89,24.99,22.48,44.83
2024-03-10,2024,70,22.88,87.2,94.2,1.77,35.61,0.91,25.51,20.79,11.56
2024-03-11,2024,71,24.0,89.57,94.18,2.2,35.89,0.91,27.38,21.08,28.61
2024-03-12,2024,72,23.73,90.66,94.1,3.18,35.81,0.93,26.65,21.87,44.96
2024-03-13,2024,73,23.62,90.35,94.11,3.26,36.35,0.96,26.63,20.83,97.86
2024-03-14,2024,74,23.89,91.31,94.12,3.14,36.41,0.98,26.28,21.82,34.27
2024-03-15,2024,75,24.13,88.75,94.15,3.0,36.24,0.97,27.16,21.33,4.07
2024-03-16,2024,76,24.1,90.83,94.15,2.84,36.23,0.96,27.16,22.11,4.95
2024-03-17,2024,77,23.79,90.39,94.01,2.88,36.46,0.96,26.98,21.49,14.19
2024-03-18,2024,78,23.78,90.18,94.04,2.47,35.77,0.96,26.72,21.53,4.62
2024-03-19,2024,79,23.59,86.22,94.11,2.18,34.54,0.95,27.59,20.54,0.0
2024-03-20,2024,80,23.84,85.81,94.08,1.73,35.1,0.94,28.69,19.5,0.93
2024-03-21,2024,81,24.51,88.12,94.02,1.4,36.59,0.94,28.78,21.53,3.76
2024-03-22,2024,82,23.91,89.68,94.01,1.07,36.41,0.93,26.88,21.3,8.75
2024-03-23,2024,83,24.75,88.67,94.06,1.62,36.48,0.94,28.93,22.06,4.36
2024-03-24,2024,84,24.8,89.22,94.11,1.55,36.31,0.93,28.28,22.12,3.43
2024-03-25,2024,85,24.68,89.31,94.11,1.32,36.67,0.93,28.16,22.5,7.53
2024-03-26,2024,86,24.01,92.95,94.22,1.89,36.77,0.93,25.81,22.51,20.82
2024-03-27,2024,87,23.83,92.39,94.28,1.32,36.79,0.94,26.83,22.28,6.6
2024-03-28,2024,88,23.82,92.38,94.28,1.99,37.09,0.94,26.86,22.09,2.79
2024-03-29,2024,89,24.58,88.65,94.24,1.52,36.51,0.93,28.85,21.19,5.61
2024-03-30,2024,90,25.02,89.66,94.27,2.04,36.69,0.93,29.1,22.42,3.69
2024-03-31,2024,91,24.29,90.12,94.23,2.09,36.39,0.93,28.45,21.43,13.24
2024-04-01,2024,92,23.84,92.39,94.12,1.64,36.65,0.94,26.14,22.03,13.81
2024-04-02,2024,93,24.37,94.2,94.0,1.21,37.11,0.95,26.71,22.87,21.64
2024-04-03,2024,94,24.55,93.53,94.0,1.68,36.96,0.96,26.93,22.64,15.7
2024-04-04,2024,95,24.83,91.9,93.92,1.45,36.71,0.96,27.36,23.09,7.14
2024-04-05,2024,96,25.13,90.31,93.96,1.0,36.86,0.97,28.47,23.13,54.63
2024-04-06,2024,97,24.58,89.98,93.98,1.17,35.98,0.97,27.63,22.37,1.6
2024-04-07,2024,98,24.7,88.91,93.91,1.21,36.51,0.96,28.43,22.05,21.41
2024-04-08,2024,99,24.16,91.58,93.95,1.06,36.93,0.98,26.12,22.68,23.55
2024-04-09,2024,100,24.49,91.11,93.97,1.27,36.92,0.98,27.12,23.05,23.18
2024-04-10,2024,101,24.37,93.26,94.03,1.57,37.14,0.98,27.59,22.59,13.22
2024-04-11,2024,102,24.06,94.63,94.03,1.05,36.6,0.98,26.13,22.88,12.36
2024-04-12,2024,103,24.6,90.64,94.01,1.68,36.63,0.98,27.57,22.69,3.22
2024-04-13,2024,104,24.75,88.14,94.01,1.25,36.64,0.97,28.51,21.98,5.17
2024-04-14,2024,105,24.05,93.31,94.1,1.76,36.97,0.97,26.21,22.54,9.88
2024-04-15,2024,106,24.66,90.58,94.12,1.03,36.85,0.97,27.98,22.15,10.2
2024-04-16,2024,107,25.09,90.64,94.06,1.91,36.41,0.98,28.47,22.64,11.27
2024-04-17,2024,108,24.6,91.42,94.01,2.32,36.81,0.97,27.83,22.47,4.77
2024-04-18,2024,109,24.35,91.39,94.0,1.65,36.83,0.97,27.15,22.59,4.08
2024-04-19,2024,110,24.41,92.01,93.89,1.53,36.73,0.96,27.12,22.31,2.75
2024-04-20,2024,111,24.84,91.68,93.88,1.38,36.55,0.96,27.96,22.71,2.29
2024-04-21,2024,112,25.08,90.02,93.97,1.06,36.81,0.96,28.69,22.21,5.13
2024-04-22,2024,113,24.55,92.13,93.96,1.99,36.93,0.96,26.88,22.93,4.2
2024-04-23,2024,114,23.93,93.81,93.92,1.76,36.79,0.96,25.3,22.94,8.92
2024-04-24,2024,115,24.74,91.98,93.89,1.1,36.67,0.96,27.78,22.51,8.66
2024-04-25,2024,116,24.5,90.44,93.9,1.28,36.7,0.96,27.53,22.35,4.11
2024-04-26,2024,117,24.78,88.42,93.91,1.17,36.54,0.96,28.41,21.87,2.67
2024-04-27,2024,118,24.74,89.49,93.96,1.4,36.47,0.95,28.29,22.06,6.0
2024-04-28,2024,119,24.86,91.44,94.04,1.45,36.49,0.95,28.07,22.73,2.65
2024-04-29,2024,120,24.68,92.24,94.03,1.85,36.36,0.95,27.97,22.75,2.61
2024-04-30,2024,121,24.41,92.08,93.94,1.72,36.8,0.94,27.79,22.38,1.55
2024-05-01,2024,122,24.62,90.19,93.9,1.67,36.26,0.94,28.24,21.97,0.38
2024-05-02,2024,123,24.52,92.22,93.97,2.13,36.52,0.93,27.82,22.3,3.44
2024-05-03,2024,124,24.46,91.48,94.01,1.95,35.9,0.93,27.81,22.25,0.42
2024-05-04,2024,125,23.86,90.55,94.03,2.17,35.05,0.92,27.46,21.32,0.01
2024-05-05,2024,126,23.05,90.76,94.05,1.71,34.73,0.92,26.51,20.5,0.01
2024-05-06,2024,127,22.95,89.09,94.12,1.99,34.41,0.91,27.03,19.97,0.02
2024-05-07,2024,128,23.19,89.49,94.13,1.9,34.54,0.91,27.36,19.83,0.1
2024-05-08,2024,129,24.17,87.6,94.06,1.03,35.78,0.9,28.59,20.57,4.4
2024-05-09,2024,130,24.27,89.97,94.03,1.65,36.63,0.9,28.23,21.36,4.88
2024-05-10,2024,131,24.34,90.19,94.06,1.64,36.04,0.9,28.08,22.25,1.73
2024-05-11,2024,132,24.38,90.33,94.14,1.81,36.46,0.89,28.22,21.8,1.39
2024-05-12,2024,133,24.36,90.51,94.13,1.67,36.23,0.9,27.77,22.1,10.7
2024-05-13,2024,134,24.24,89.33,94.01,1.54,36.0,0.9,28.27,21.54,1.01
2024-05-14,2024,135,24.19,88.03,94.08,1.33,35.69,0.89,28.16,21.34,0.01
2024-05-15,2024,136,23.59,90.14,94.16,1.76,35.58,0.88,27.88,20.62,0.07
2024-05-16,2024,137,23.22,88.51,94.13,1.8,34.47,0.87,27.55,19.9,0.0
2024-05-17,2024,138,23.54,89.82,94.05,1.8,35.27,0.87,27.76,20.22,0.01
2024-05-18,2024,139,23.8,90.48,94.03,2.39,35.34,0.86,27.85,21.01,0.02
2024-05-19,2024,140,23.04,89.64,93.95,2.55,34.51,0.86,26.35,20.72,0.0
2024-05-20,2024,141,23.38,89.97,93.97,2.1,35.45,0.85,27.45,20.67,0.0
2024-05-21,2024,142,23.42,89.62,94.0,2.13,35.51,0.85,27.58,21.0,0.01
2024-05-22,2024,143,23.49,89.55,93.98,1.38,36.04,0.84,27.6,20.39,0.09
2024-05-23,2024,144,24.15,89.33,93.95,0.95,36.96,0.84,28.39,20.88,3.91
2024-05-24,2024,145,24.05,92.27,93.94,1.32,37.11,0.85,28.23,21.86,17.49
2024-05-25,2024,146,24.01,91.36,94.1,1.8,37.09,0.86,27.19,22.14,8.09
2024-05-26,2024,147,23.75,90.17,94.13,2.17,36.39,0.85,27.57,21.31,0.21
2024-05-27,2024,148,23.8,90.05,94.08,1.67,35.51,0.84,28.08,20.38,0.0
2024-05-28,2024,149,24.18,89.6,94.04,1.1,36.02,0.84,28.5,21.16,0.06
2024-05-29,2024,150,24.26,90.28,94.06,1.25,35.94,0.83,28.05,21.52,3.19
2024-05-30,2024,151,24.02,90.91,94.11,1.97,36.02,0.83,27.46,21.7,0.46
2024-05-31,2024,152,24.25,90.91,94.14,1.85,36.07,0.83,27.66,21.98,0.71
2024-06-01,2024,153,24.53,90.92,94.18,1.4,36.55,0.83,28.07,21.87,3.89
2024-06-02,2024,154,24.41,92.05,94.18,1.8,36.55,0.85,27.76,22.25,51.02
2024-06-03,2024,155,23.88,91.68,94.19,2.24,35.69,0.88,26.87,22.04,18.97
2024-06-04,2024,156,23.69,89.95,94.28,1.98,35.71,0.88,27.22,21.44,3.6
2024-06-05,2024,157,23.19,90.67,94.32,2.08,34.52,0.86,26.83,20.89,0.15
2024-06-06,2024,158,23.19,89.95,94.23,1.85,34.43,0.86,27.15,19.7,2.59
2024-06-07,2024,159,23.73,89.17,94.16,1.55,35.7,0.85,27.88,20.85,1.57
2024-06-08,2024,160,23.9,89.1,94.1,1.48,35.97,0.85,27.84,20.9,0.43
2024-06-09,2024,161,23.84,90.98,94.17,1.71,36.4,0.85,27.53,21.16,2.93
2024-06-10,2024,162,24.1,90.74,94.19,1.63,36.27,0.85,27.71,21.61,1.32
2024-06-11,2024,163,24.24,90.18,94.27,1.4,36.26,0.84,27.93,21.78,2.05
2024-06-12,2024,164,23.83,90.47,94.32,1.21,36.14,0.85,27.27,21.33,23.26
2024-06-13,2024,165,23.94,88.28,94.21,1.07,36.02,0.87,27.46,21.51,3.84
2024-06-14,2024,166,23.99,86.35,94.09,0.9,35.72,0.86,27.66,20.69,4.77
2024-06-15,2024,167,23.84,89.29,94.07,1.23,36.52,0.86,27.34,21.63,10.97
2024-06-16,2024,168,23.18,88.23,94.09,1.51,34.29,0.86,27.49,20.35,3.0
2024-06-17,2024,169,23.46,88.3,94.11,1.26,35.6,0.86,27.9,19.96,8.94
2024-06-18,2024,170,23.81,91.08,94.12,1.89,35.68,0.88,27.4,21.59,20.75
2024-06-19,2024,171,22.45,89.09,94.07,1.99,33.49,0.87,26.32,19.64,0.22
2024-06-20,2024,172,22.26,89.17,94.05,2.03,33.39,0.86,26.81,19.12,0.32
2024-06-21,2024,173,21.83,89.6,94.12,2.16,33.35,0.85,26.24,18.83,0.01
2024-06-22,2024,174,21.59,89.46,94.18,2.29,33.42,0.85,25.71,18.48,0.04
2024-06-23,2024,175,22.54,90.23,94.1,2.44,36.15,0.85,26.43,19.55,0.82
2024-06-24,2024,176,22.98,91.1,94.06,2.34,36.26,0.85,26.88,20.73,5.49
2024-06-25,2024,177,23.17,90.25,94.02,1.52,36.24,0.85,27.41,20.26,10.45
2024-06-26,2024,178,23.77,89.06,93.97,1.42,36.22,0.85,27.72,20.59,2.43
2024-06-27,2024,179,24.33,87.51,94.06,0.87,36.42,0.85,28.36,21.3,4.48
2024-06-28,2024,180,24.11,90.61,94.13,1.42,36.77,0.85,28.06,21.4,7.94
2024-06-29,2024,181,23.93,91.34,94.17,2.2,36.71,0.85,27.77,21.67,5.9
2024-06-30,2024,182,23.52,90.52,94.16,2.08,35.67,0.85,27.15,20.96,10.25
2024-07-01,2024,183,23.45,90.46,94.04,1.6,35.29,0.86,26.96,20.88,9.28
2024-07-02,2024,184,23.52,90.11,94.1,1.67,35.65,0.86,27.1,21.57,3.73
2024-07-03,2024,185,23.21,91.99,94.21,2.2,35.7,0.85,26.26,21.27,1.6
2024-07-04,2024,186,22.78,95.12,94.18,2.5,36.47,0.86,24.81,21.54,7.22
2024-07-05,2024,187,23.19,89.63,93.99,2.21,36.26,0.85,27.01,20.82,0.83
2024-07-06,2024,188,23.2,87.87,94.0,1.47,36.14,0.85,27.13,20.05,5.15
2024-07-07,2024,189,23.98,86.3,94.04,0.89,35.87,0.85,28.66,20.5,1.35
2024-07-08,2024,190,23.2,89.85,94.01,2.01,35.29,0.84,27.3,20.67,0.25
2024-07-09,2024,191,22.88,87.96,94.14,1.46,34.28,0.84,27.4,19.52,0.08
2024-07-10,2024,192,22.81,89.54,94.28,2.17,34.39,0.83,27.09,19.53,0.04
2024-07-11,2024,193,21.57,88.33,94.28,3.04,32.98,0.83,24.99,18.84,0.13
2024-07-12,2024,194,21.35,88.57,94.09,2.18,33.14,0.82,25.55,18.12,0.11
2024-07-13,2024,195,20.8,88.42,94.09,2.45,32.5,0.82,25.11,17.74,0.0
2024-07-14,2024,196,20.26,86.04,94.06,2.59,31.42,0.82,24.9,17.35,0.0
2024-07-15,2024,197,20.58,88.38,94.13,2.26,32.56,0.81,25.04,17.01,0.0
2024-07-16,2024,198,21.56,88.97,94.12,2.02,33.68,0.81,26.32,17.84,0.0
2024-07-17,2024,199,21.91,87.53,94.11,2.0,33.85,0.8,26.49,18.54,0.0
2024-07-18,2024,200,22.2,88.4,94.25,1.93,33.9,0.8,26.84,18.99,0.0
2024-07-19,2024,201,21.6,87.94,94.17,2.63,33.26,0.8,26.16,18.92,0.0
2024-07-20,2024,202,21.45,89.0,94.23,2.6,33.35,0.79,25.93,18.47,0.0
2024-07-21,2024,203,21.53,88.22,94.29,2.15,33.36,0.79,26.06,18.19,0.0
2024-07-22,2024,204,21.76,89.03,94.32,2.26,34.27,0.79,26.06,18.49,0.0
2024-07-23,2024,205,22.07,89.2,94.26,2.04,34.65,0.78,26.48,18.72,0.49
2024-07-24,2024,206,22.06,88.4,94.09,2.04,35.27,0.78,26.4,18.82,0.05
2024-07-25,2024,207,22.21,86.76,94.03,1.37,34.62,0.77,27.17,18.69,0.02
2024-07-26,2024,208,22.0,87.43,94.13,2.12,33.9,0.77,26.77,18.63,0.6
2024-07-27,2024,209,22.16,88.17,94.23,2.18,33.85,0.77,26.91,18.89,1.05
2024-07-28,2024,210,21.91,88.54,94.19,2.38,34.26,0.76,26.59,18.77,0.06
2024-07-29,2024,211,22.07,87.72,94.08,2.03,34.63,0.76,26.9,18.54,0.05
2024-07-30,2024,212,22.47,88.51,94.21,2.16,34.5,0.76,27.05,18.96,0.21
2024-07-31,2024,213,22.86,89.45,94.31,1.93,35.8,0.75,27.36,19.41,7.48
2024-08-01,2024,214,23.22,90.48,94.28,1.89,36.87,0.77,27.36,20.76,17.98
2024-08-02,2024,215,23.34,89.74,94.19,1.79,36.68,0.79,27.62,20.51,4.91
2024-08-03,2024,216,23.13,88.93,94.28,1.81,35.25,0.78,27.41,20.88,4.39
2024-08-04,2024,217,22.27,89.38,94.31,2.4,34.28,0.78,26.25,19.53,0.4
2024-08-05,2024,218,21.89,86.49,94.22,2.05,33.46,0.77,26.68,18.6,0.08
2024-08-06,2024,219,21.54,87.49,94.22,2.36,33.43,0.76,26.34,18.11,0.03
2024-08-07,2024,220,22.25,88.01,94.25,2.56,34.84,0.76,26.9,18.6,0.01
2024-08-08,2024,221,22.58,88.9,94.29,2.8,36.19,0.75,27.04,19.68,0.1
2024-08-09,2024,222,22.69,87.14,94.19,2.63,35.23,0.75,27.38,19.57,0.03
2024-08-10,2024,223,22.28,87.01,94.13,2.6,34.94,0.74,27.13,19.28,0.15
2024-08-11,2024,224,20.86,86.35,94.13,2.79,33.54,0.74,25.56,17.38,0.09
2024-08-12,2024,225,20.3,85.73,94.1,2.38,32.0,0.73,25.59,16.71,0.0
2024-08-13,2024,226,21.17,85.41,94.21,2.06,32.8,0.73,27.07,16.09,0.0
2024-08-14,2024,227,21.8,86.46,94.17,2.67,33.85,0.73,27.04,18.3,0.0
2024-08-15,2024,228,21.15,85.6,94.11,2.95,33.42,0.72,26.26,17.78,0.0
2024-08-16,2024,229,20.87,85.81,94.08,2.23,33.28,0.72,26.28,17.02,0.0
2024-08-17,2024,230,21.7,85.42,94.15,2.18,33.5,0.71,27.64,17.31,0.0
2024-08-18,2024,231,22.2,85.68,94.19,2.32,33.91,0.71,27.88,18.19,0.0
2024-08-19,2024,232,21.96,85.86,94.15,2.58,33.88,0.71,27.52,18.17,0.0
2024-08-20,2024,233,21.99,84.06,94.2,2.07,33.19,0.7,28.15,17.85,0.0
2024-08-21,2024,234,22.12,84.15,94.25,1.82,33.98,0.7,28.19,17.65,0.0
2024-08-22,2024,235,22.39,83.78,94.27,1.61,34.17,0.69,28.54,17.72,0.0
2024-08-23,2024,236,22.13,85.45,94.36,2.19,34.68,0.69,27.92,18.91,0.0
2024-08-24,2024,237,21.68,86.53,94.34,2.79,34.28,0.69,26.83,18.29,1.09
2024-08-25,2024,238,22.37,84.82,94.23,2.73,35.04,0.68,27.64,18.99,0.4
2024-08-26,2024,239,22.7,85.02,94.2,2.7,35.2,0.68,28.05,19.14,0.02
2024-08-27,2024,240,22.01,86.17,94.31,3.17,34.12,0.68,26.33,19.41,0.02
2024-08-28,2024,241,22.8,81.74,94.26,2.59,34.74,0.67,28.35,18.45,0.04
2024-08-29,2024,242,22.4,84.15,94.28,2.89,35.49,0.67,26.99,19.63,0.02
2024-08-30,2024,243,22.7,80.83,94.24,2.68,34.34,0.67,28.09,19.29,0.0
2024-08-31,2024,244,22.64,82.79,94.16,2.58,35.22,0.66,27.83,19.21,0.0
2024-09-01,2024,245,23.02,83.61,94.14,2.28,35.89,0.66,28.91,18.9,0.0
2024-09-02,2024,246,23.29,83.36,94.2,2.44,35.19,0.65,29.32,19.32,0.0
2024-09-03,2024,247,22.96,83.1,94.21,2.67,35.03,0.65,28.41,19.13,9.23
2024-09-04,2024,248,23.66,84.28,94.1,2.3,36.61,0.68,29.56,20.0,44.2
2024-09-05,2024,249,23.11,91.1,94.12,2.46,36.18,0.79,27.07,20.53,133.07
2024-09-06,2024,250,22.98,87.34,94.18,3.07,34.72,0.83,27.41,20.3,12.63
2024-09-07,2024,251,22.88,87.45,94.28,3.03,35.54,0.79,27.37,19.32,2.74
2024-09-08,2024,252,23.75,88.13,94.23,2.14,37.27,0.77,28.36,20.54,4.48
2024-09-09,2024,253,23.63,89.19,94.13,1.6,36.45,0.77,28.05,21.21,8.04
2024-09-10,2024,254,23.73,88.48,94.11,1.68,36.83,0.76,27.85,21.52,11.97
2024-09-11,2024,255,23.39,86.33,94.23,2.27,36.14,0.77,28.17,20.53,6.31
2024-09-12,2024,256,22.95,86.1,94.28,2.82,35.12,0.76,27.77,20.13,1.66
2024-09-13,2024,257,22.32,84.38,94.23,2.79,33.65,0.75,27.4,18.93,0.37
2024-09-14,2024,258,22.47,82.83,94.1,2.25,33.98,0.74,27.7,18.69,2.06
2024-09-15,2024,259,22.52,84.25,94.06,2.34,34.46,0.74,27.55,19.48,2.06
2024-09-16,2024,260,21.97,84.38,94.09,2.24,33.75,0.73,27.23,18.49,0.02
2024-09-17,2024,261,21.79,83.22,93.99,2.41,33.17,0.73,27.03,17.75,0.01
2024-09-18,2024,262,21.24,81.49,94.0,2.23,32.72,0.72,26.41,17.74,0.01
2024-09-19,2024,263,22.01,82.24,93.97,1.89,33.35,0.72,27.91,17.4,0.0
2024-09-20,2024,264,22.89,79.72,93.99,1.2,33.81,0.71,29.47,18.52,0.02
2024-09-21,2024,265,23.52,81.13,94.02,1.01,36.23,0.7,29.8,18.55,0.02
2024-09-22,2024,266,24.43,84.24,94.04,0.95,37.02,0.7,30.15,20.04,6.53
2024-09-23,2024,267,24.55,87.55,94.1,1.41,37.07,0.72,29.04,21.76,5.93
2024-09-24,2024,268,23.72,90.01,94.11,1.86,36.84,0.72,27.1,21.84,10.66
2024-09-25,2024,269,23.69,88.49,94.12,1.1,36.31,0.74,27.63,21.36,9.66
2024-09-26,2024,270,24.03,88.43,94.13,1.44,36.52,0.74,27.95,21.47,2.74
2024-09-27,2024,271,23.98,88.4,94.12,1.93,36.55,0.73,27.84,21.49,1.43
2024-09-28,2024,272,24.55,85.58,94.11,2.26,36.22,0.72,29.41,21.04,0.37
2024-09-29,2024,273,24.67,84.94,94.13,2.06,36.35,0.72,29.54,21.28,0.24
2024-09-30,2024,274,24.7,84.48,94.07,2.07,36.28,0.71,29.24,21.66,0.93
2024-10-01,2024,275,24.36,86.97,94.06,2.29,36.54,0.71,28.87,21.6,14.24
2024-10-02,2024,276,24.11,87.85,94.11,2.37,36.63,0.74,28.63,21.29,17.38
2024-10-03,2024,277,24.07,86.94,94.14,2.46,36.07,0.75,29.03,21.0,4.09
2024-10-04,2024,278,24.27,86.81,94.1,2.05,36.08,0.73,28.91,21.02,1.44
2024-10-05,2024,279,23.88,87.99,94.1,2.27,36.14,0.73,27.67,21.36,6.81
2024-10-06,2024,280,24.17,86.41,94.13,2.43,35.82,0.73,28.71,20.79,1.16
2024-10-07,2024,281,24.25,84.49,94.29,2.96,35.55,0.72,29.02,21.29,0.2
2024-10-08,2024,282,24.0,84.87,94.25,3.12,36.32,0.72,28.65,21.28,4.07
2024-10-09,2024,283,23.98,86.03,94.13,2.7,36.52,0.72,28.37,21.25,3.55
2024-10-10,2024,284,24.66,85.06,94.04,2.34,36.46,0.71,29.37,21.56,0.95
2024-10-11,2024,285,24.71,84.69,94.04,2.12,36.24,0.71,29.44,21.16,0.05
2024-10-12,2024,286,24.95,85.39,94.05,2.32,36.68,0.7,29.63,21.69,1.93
2024-10-13,2024,287,24.86,81.71,94.06,2.58,35.7,0.7,30.04,21.71,0.5
2024-10-14,2024,288,24.52,82.98,94.08,2.35,35.77,0.7,29.58,21.27,11.48
2024-10-15,2024,289,23.32,84.18,94.18,2.32,34.69,0.72,26.71,20.72,10.51
2024-10-16,2024,290,23.04,82.68,94.32,3.03,34.07,0.71,27.86,20.14,0.05
2024-10-17,2024,291,22.78,80.36,94.28,2.52,34.6,0.7,27.92,19.08,0.02
2024-10-18,2024,292,23.62,81.12,94.16,1.56,35.64,0.7,29.22,19.27,0.03
2024-10-19,2024,293,24.52,81.88,94.17,1.13,36.51,0.69,29.7,20.53,1.57
2024-10-20,2024,294,22.98,90.87,94.28,2.36,36.73,0.7,26.53,20.99,5.51
2024-10-21,2024,295,23.69,81.53,94.23,2.1,36.3,0.69,29.26,19.42,0.2
2024-10-22,2024,296,23.9,85.65,94.17,2.34,36.41,0.69,28.15,21.02,0.59
2024-10-23,2024,297,24.11,85.19,94.13,2.61,35.76,0.68,28.26,21.46,0.52
2024-10-24,2024,298,24.1,84.11,94.13,2.26,36.03,0.68,28.88,20.78,0.38
2024-10-25,2024,299,23.92,84.76,94.17,2.54,36.56,0.67,28.47,20.58,2.37
2024-10-26,2024,300,23.88,86.37,94.13,2.67,36.22,0.68,27.79,21.59,5.46
2024-10-27,2024,301,24.53,83.18,94.03,2.31,36.26,0.68,29.81,21.13,1.93
2024-10-28,2024,302,24.76,82.61,94.07,2.17,36.73,0.67,30.11,21.45,0.5
2024-10-29,2024,303,24.85,81.16,94.16,2.58,36.18,0.67,30.56,21.0,0.16
2024-10-30,2024,304,24.87,82.28,94.13,2.69,36.57,0.66,30.12,21.31,14.24
2024-10-31,2024,305,24.32,88.86,94.1,1.57,36.47,0.73,27.17,22.21,40.4
2024-11-01,2024,306,24.37,85.55,94.16,1.05,36.41,0.75,27.42,21.94,13.61
2024-11-02,2024,307,24.56,85.59,94.16,0.92,36.4,0.74,27.85,21.89,7.99
2024-11-03,2024,308,23.72,90.55,94.1,1.02,36.49,0.76,26.09,22.09,19.23
2024-11-04,2024,309,23.73,88.9,94.1,1.2,36.41,0.75,26.78,21.87,1.85
2024-11-05,2024,310,23.53,93.83,94.06,2.12,36.23,0.76,25.14,22.12,20.01
2024-11-06,2024,311,24.62,84.34,94.07,1.62,35.61,0.76,29.26,21.03,1.92
2024-11-07,2024,312,24.94,85.77,94.07,1.45,36.6,0.75,29.3,21.91,1.61
2024-11-08,2024,313,24.72,88.42,94.06,1.18,36.61,0.74,28.19,22.58,11.39
2024-11-09,2024,314,24.35,92.16,94.0,1.71,36.73,0.76,27.17,22.94,17.48
2024-11-10,2024,315,24.35,91.31,94.04,0.95,36.5,0.78,26.83,22.81,7.53
2024-11-11,2024,316,24.05,91.69,94.0,1.58,36.71,0.78,26.12,22.03,22.65
2024-11-12,2024,317,24.6,85.39,94.0,0.86,36.32,0.8,28.53,21.8,5.85
2024-11-13,2024,318,25.07,84.02,93.94,1.13,36.66,0.78,28.45,22.12,0.69
2024-11-14,2024,319,24.97,83.99,94.0,1.46,36.52,0.77,29.28,22.01,7.21
2024-11-15,2024,320,25.01,87.51,93.96,1.25,36.6,0.78,29.01,21.76,2.9
2024-11-16,2024,321,24.57,90.1,93.87,1.53,36.64,0.77,27.43,22.29,3.86
2024-11-17,2024,322,24.54,85.14,93.87,1.17,36.42,0.77,28.63,21.83,6.18
2024-11-18,2024,323,25.21,85.23,93.87,0.71,36.83,0.78,28.97,22.66,12.07
2024-11-19,2024,324,23.64,91.71,93.93,1.21,36.5,0.81,26.18,22.16,39.04
2024-11-20,2024,325,24.37,87.17,93.82,0.66,36.45,0.82,27.99,21.35,5.19
2024-11-21,2024,326,24.22,92.13,93.82,1.1,36.8,0.81,27.03,22.83,6.19
2024-11-22,2024,327,24.2,90.37,93.86,1.21,37.0,0.82,26.9,22.17,18.79
2024-11-23,2024,328,24.38,90.18,93.85,1.65,36.72,0.82,27.92,22.32,4.92
2024-11-24,2024,329,23.66,93.59,93.9,1.97,36.6,0.82,25.13,22.62,8.23
2024-11-25,2024,330,23.5,94.48,93.88,1.8,36.65,0.83,25.37,22.1,11.1
2024-11-26,2024,331,23.25,92.88,93.85,2.38,36.32,0.84,25.43,21.89,11.0
2024-11-27,2024,332,23.69,90.09,93.89,2.18,36.29,0.83,26.81,21.9,2.44
2024-11-28,2024,333,23.32,93.38,94.0,3.14,36.45,0.86,25.15,21.97,49.24
2024-11-29,2024,334,23.47,90.73,93.99,2.9,36.3,0.88,26.05,22.02,9.38
2024-11-30,2024,335,23.89,91.85,93.9,2.61,36.67,0.87,26.64,22.18,12.97
2024-12-01,2024,336,23.38,92.72,93.88,1.98,36.18,0.88,25.3,21.95,22.34
2024-12-02,2024,337,23.61,94.68,93.85,2.19,36.43,0.9,25.46,22.16,26.1
2024-12-03,2024,338,23.49,89.68,93.91,2.17,36.18,0.9,26.98,21.43,5.42
2024-12-04,2024,339,23.18,93.79,93.88,1.67,36.01,0.9,25.57,21.41,3.72
2024-12-05,2024,340,23.8,91.42,93.79,0.98,36.33,0.9,26.34,21.83,40.77
2024-12-06,2024,341,23.37,91.61,93.81,2.31,36.14,0.93,25.37,22.0,22.25
2024-12-07,2024,342,24.14,88.51,93.84,1.4,36.2,0.92,27.31,21.41,0.52
2024-12-08,2024,343,24.6,88.59,93.83,1.44,36.33,0.92,27.72,22.27,6.78
2024-12-09,2024,344,24.22,90.88,93.85,1.98,36.57,0.92,26.88,22.41,3.57
2024-12-10,2024,345,24.21,91.0,93.76,3.15,36.85,0.91,26.96,22.17,8.27
2024-12-11,2024,346,23.59,90.29,93.78,2.08,36.38,0.92,26.13,22.09,15.74
2024-12-12,2024,347,24.09,87.04,93.82,1.36,36.5,0.92,26.93,21.42,2.36
2024-12-13,2024,348,24.45,88.09,93.8,1.64,36.62,0.92,27.4,22.1,8.4
2024-12-14,2024,349,23.08,89.51,93.9,1.75,36.33,0.93,24.13,21.54,20.49
2024-12-15,2024,350,23.43,89.37,93.99,1.54,36.07,0.93,26.73,20.94,5.18
2024-12-16,2024,351,23.37,91.05,93.98,1.38,36.24,0.93,25.68,21.49,7.42
2024-12-17,2024,352,23.4,93.73,93.96,1.32,36.48,0.93,25.35,21.8,8.27
2024-12-18,2024,353,23.65,91.42,93.97,2.78,36.11,0.93,26.29,21.84,13.46
2024-12-19,2024,354,23.96,89.71,93.9,2.94,36.0,0.93,27.17,21.11,2.51
2024-12-20,2024,355,24.23,89.63,93.86,2.1,36.34,0.93,27.26,21.99,2.93
2024-12-21,2024,356,24.18,87.18,93.92,1.7,35.78,0.92,27.16,21.85,2.32
2024-12-22,2024,357,23.67,91.67,94.01,1.1,36.22,0.93,25.51,22.1,10.49
2024-12-23,2024,358,24.06,89.69,93.99,1.15,36.17,0.93,27.03,22.26,14.47
2024-12-24,2024,359,23.7,91.16,93.98,1.69,36.27,0.94,26.26,21.74,9.56
2024-12-25,2024,360,22.96,93.15,94.08,1.0,36.13,0.94,24.78,21.21,9.42
2024-12-26,2024,361,23.15,91.73,94.2,1.99,36.21,0.94,25.82,20.86,16.08
2024-12-27,2024,362,23.35,89.53,94.2,2.11,35.92,0.94,26.48,20.94,0.62
2024-12-28,2024,363,22.89,91.94,94.19,2.03,36.01,0.93,25.53,20.89,8.6
2024-12-29,2024,364,22.66,91.17,94.15,2.16,35.93,0.94,25.55,20.56,5.51
2024-12-30,2024,365,22.56,90.45,94.12,2.56,36.07,0.94,24.96,20.95,7.42
2024-12-31,2024,366,23.28,89.52,94.01,2.35,36.03,0.94,26.51,20.49,10.94
2025-01-01,2025,1,23.5,87.85,93.95,1.88,35.98,0.94,26.8,20.56,5.88
2025-01-02,2025,2,23.67,87.57,94.0,1.29,36.46,0.94,26.78,21.51,7.56
2025-01-03,2025,3,23.46,89.34,94.03,1.53,35.82,0.93,26.62,21.38,1.38
2025-01-04,2025,4,23.13,89.21,94.06,1.84,35.5,0.93,26.66,20.7,6.33
2025-01-05,2025,5,22.89,92.24,93.98,2.13,36.26,0.93,25.62,21.0,6.83
2025-01-06,2025,6,23.37,90.4,93.96,1.25,36.09,0.93,26.1,21.14,5.58
2025-01-07,2025,7,22.94,94.59,93.92,1.31,36.12,0.93,24.58,21.77,9.51
2025-01-08,2025,8,23.22,91.95,93.92,2.12,36.16,0.94,25.77,21.22,27.38
2025-01-09,2025,9,23.57,89.45,94.04,1.82,35.65,0.95,26.92,20.55,5.21
2025-01-10,2025,10,23.89,84.56,94.15,1.02,35.98,0.94,26.83,21.27,1.3
2025-01-11,2025,11,24.04,88.26,94.12,1.58,35.95,0.94,27.75,21.37,7.92
2025-01-12,2025,12,23.31,90.67,94.07,2.53,36.1,0.94,26.13,21.46,21.59
2025-01-13,2025,13,23.74,90.17,93.92,1.6,35.77,0.95,27.02,21.25,3.25
2025-01-14,2025,14,23.33,90.57,94.01,1.68,35.89,0.94,25.96,21.52,16.75
2025-01-15,2025,15,23.49,90.29,93.99,1.04,36.05,0.95,26.22,21.82,4.44
2025-01-16,2025,16,23.76,90.16,93.92,2.33,35.73,0.95,26.72,21.65,5.84
2025-01-17,2025,17,23.9,90.81,93.84,2.17,36.53,0.94,26.79,21.66,9.89
2025-01-18,2025,18,23.58,90.76,93.81,2.42,36.53,0.95,26.27,21.78,17.41
2025-01-19,2025,19,23.46,90.2,93.76,2.26,36.22,0.95,26.09,21.47,16.21
2025-01-20,2025,20,23.05,90.76,93.86,2.38,36.05,0.96,25.15,21.34,23.79
2025-01-21,2025,21,23.61,90.06,93.91,1.86,35.89,0.96,26.99,20.64,18.43
2025-01-22,2025,22,23.26,91.19,93.98,1.38,35.91,0.96,25.2,21.77,10.18
2025-01-23,2025,23,23.4,90.25,93.99,1.29,35.94,0.96,26.08,21.62,6.86
2025-01-24,2025,24,23.5,91.16,93.88,1.33,36.28,0.96,26.6,21.56,7.83
2025-01-25,2025,25,24.05,88.9,93.88,1.11,35.95,0.96,27.44,21.38,0.85
2025-01-26,2025,26,23.85,91.95,93.85,1.46,36.44,0.96,26.28,21.9,11.79
2025-01-27,2025,27,22.91,93.31,93.8,1.62,35.98,0.96,24.27,21.92,6.86
2025-01-28,2025,28,23.58,89.37,93.93,1.46,36.03,0.96,26.53,21.32,5.45
2025-01-29,2025,29,23.03,93.27,94.0,2.14,35.81,0.97,25.64,21.45,32.12
2025-01-30,2025,30,22.68,92.17,93.92,3.26,35.71,0.98,25.26,21.03,25.18
2025-01-31,2025,31,23.26,90.89,93.81,2.43,35.76,0.98,26.73,20.37,4.7
2025-02-01,2025,32,23.56,91.25,93.81,2.44,35.79,0.97,26.25,21.47,18.77
2025-02-02,2025,33,23.22,91.26,93.86,2.16,35.65,0.98,25.81,21.31,28.56
2025-02-03,2025,34,23.26,91.72,93.93,2.02,35.43,0.98,25.91,21.18,21.82
2025-02-04,2025,35,23.26,90.54,93.93,2.52,35.15,0.98,25.72,20.92,18.23
2025-02-05,2025,36,23.46,90.32,93.79,3.4,35.7,0.99,26.66,20.89,18.06
2025-02-06,2025,37,23.3,90.94,93.81,3.33,35.86,0.98,26.09,21.29,21.52
2025-02-07,2025,38,23.2,90.51,93.94,1.94,35.89,0.98,26.07,20.98,3.75
2025-02-08,2025,39,23.12,92.7,93.92,1.5,36.27,0.98,25.83,20.92,0.9
2025-02-09,2025,40,23.57,92.04,93.96,1.88,35.68,0.98,26.11,21.47,4.87
2025-02-10,2025,41,23.2,92.84,94.03,1.95,35.59,0.97,25.42,21.21,6.68
2025-02-11,2025,42,22.88,89.56,94.17,1.86,34.71,0.97,25.77,20.45,0.63
2025-02-12,2025,43,22.77,90.7,94.21,1.97,35.15,0.97,26.01,20.49,0.36
2025-02-13,2025,44,23.35,91.25,94.14,2.02,36.03,0.96,26.78,20.39,3.36
2025-02-14,2025,45,23.82,89.9,94.0,1.64,35.87,0.96,27.09,21.25,12.26
2025-02-15,2025,46,23.87,88.78,94.0,1.64,35.85,0.96,27.33,21.46,3.67
2025-02-16,2025,47,23.78,87.81,94.09,1.29,35.76,0.96,27.06,20.95,8.65
2025-02-17,2025,48,22.82,93.73,94.14,1.21,35.83,0.97,24.48,21.21,20.65
2025-02-18,2025,49,23.16,91.59,94.05,0.97,35.77,0.97,25.9,21.54,5.8
2025-02-19,2025,50,23.04,93.63,94.05,1.26,35.62,0.97,25.08,21.47,8.28
2025-02-20,2025,51,23.3,87.19,94.1,0.98,35.54,0.97,26.58,20.53,4.13
2025-02-21,2025,52,23.27,91.19,94.13,1.55,35.86,0.96,26.13,21.16,1.25
2025-02-22,2025,53,23.42,92.27,94.08,1.4,35.74,0.96,25.58,21.78,2.13
2025-02-23,2025,54,23.51,89.53,94.18,1.4,35.86,0.96,26.53,21.46,11.14
2025-02-24,2025,55,23.23,88.47,94.27,0.99,35.74,0.96,26.37,20.75,18.14
2025-02-25,2025,56,24.13,86.94,94.25,1.14,36.03,0.97,27.75,21.45,13.31
2025-02-26,2025,57,23.81,90.18,94.22,1.07,36.26,0.96,27.89,21.31,2.34
2025-02-27,2025,58,23.74,90.59,94.1,0.79,36.12,0.96,26.7,21.67,3.69
2025-02-28,2025,59,24.13,87.41,94.11,1.11,36.43,0.96,28.09,21.47,8.28
2025-03-01,2025,60,24.4,89.05,94.02,1.49,36.15,0.96,27.93,21.5,1.71
2025-03-02,2025,61,24.03,92.54,93.88,1.63,36.79,0.95,26.63,22.21,1.39
2025-03-03,2025,62,23.48,91.84,93.87,1.13,36.72,0.96,25.74,21.59,16.19
2025-03-04,2025,63,23.24,90.15,93.94,0.96,35.89,0.96,26.26,20.38,10.34
2025-03-05,2025,64,24.89,82.88,93.91,0.97,35.58,0.96,29.61,20.61,0.37
2025-03-06,2025,65,24.11,90.52,93.98,0.91,37.01,0.95,26.37,22.21,4.79
2025-03-07,2025,66,23.82,91.39,93.94,1.68,36.27,0.95,26.25,22.18,3.15
2025-03-08,2025,67,23.93,89.83,93.87,0.79,36.33,0.96,27.06,21.73,39.14
2025-03-09,2025,68,23.88,88.36,94.04,1.47,35.83,0.97,26.46,21.86,13.86
2025-03-10,2025,69,23.43,90.13,94.15,1.01,35.82,0.97,25.71,21.63,23.36
2025-03-11,2025,70,24.05,86.76,94.03,1.08,35.8,0.98,27.46,20.83,5.26
2025-03-12,2025,71,23.77,88.91,94.01,1.32,36.58,0.97,26.84,20.77,1.13
2025-03-13,2025,72,23.91,86.03,93.98,1.3,35.85,0.97,27.63,20.37,8.74
2025-03-14,2025,73,23.11,91.93,94.05,1.61,36.06,0.97,24.9,21.62,4.78
2025-03-15,2025,74,23.31,91.29,94.04,1.54,35.77,0.97,26.09,20.69,11.83
2025-03-16,2025,75,22.96,93.98,93.92,1.46,36.13,0.98,25.13,21.29,22.49
2025-03-17,2025,76,23.26,85.93,93.91,1.25,35.93,0.98,26.62,20.32,9.13
2025-03-18,2025,77,23.3,91.21,94.1,2.21,35.76,0.98,25.93,21.11,9.23
2025-03-19,2025,78,23.3,91.0,94.26,1.76,36.1,0.97,26.17,21.39,4.18
2025-03-20,2025,79,23.47,89.75,94.27,2.23,35.82,0.97,26.51,21.13,0.9
2025-03-21,2025,80,23.81,88.97,94.25,1.92,35.52,0.96,27.01,21.27,0.54
2025-03-22,2025,81,23.4,92.19,94.21,2.14,35.83,0.96,25.75,21.74,6.82
2025-03-23,2025,82,22.99,88.01,94.15,1.98,35.16,0.96,26.1,20.66,1.43
2025-03-24,2025,83,23.41,90.3,94.02,2.27,35.95,0.95,26.71,20.54,4.82
2025-03-25,2025,84,23.64,89.73,93.85,2.21,35.68,0.95,26.68,21.21,0.8
2025-03-26,2025,85,24.09,89.87,93.78,1.88,36.08,0.94,27.38,21.18,1.98
2025-03-27,2025,86,24.69,86.87,93.78,1.24,36.09,0.94,28.06,21.59,2.49
2025-03-28,2025,87,24.23,90.27,93.85,1.63,36.47,0.94,26.88,21.83,9.31
2025-03-29,2025,88,23.48,90.95,93.98,2.07,35.84,0.94,25.81,21.56,3.64
2025-03-30,2025,89,23.55,91.1,94.02,1.73,35.6,0.94,26.51,21.26,7.21
2025-03-31,2025,90,23.9,88.86,93.98,1.42,35.94,0.93,27.47,21.02,1.28
2025-04-01,2025,91,23.02,91.55,94.01,0.78,35.58,0.93,24.9,21.43,2.36
2025-04-02,2025,92,23.95,87.23,94.07,0.79,35.95,0.93,27.86,21.32,3.9
2025-04-03,2025,93,23.73,89.33,94.13,1.54,36.21,0.92,26.86,21.53,1.22
2025-04-04,2025,94,23.88,87.24,94.11,1.4,35.66,0.92,28.07,20.99,3.14
2025-04-05,2025,95,24.12,85.58,94.07,1.07,35.45,0.91,28.75,20.56,0.78
2025-04-06,2025,96,23.86,88.46,94.11,1.34,35.47,0.91,27.76,21.36,11.21
2025-04-07,2025,97,23.59,88.0,94.23,1.74,35.42,0.92,27.71,20.66,16.57
2025-04-08,2025,98,23.9,87.85,94.21,1.25,36.26,0.92,27.69,20.6,2.38
2025-04-09,2025,99,23.85,90.77,94.12,1.34,35.88,0.92,27.39,22.15,22.66
2025-04-10,2025,100,24.67,85.73,94.01,0.6,36.63,0.93,29.05,21.45,8.55
2025-04-11,2025,101,24.45,88.63,93.99,0.94,36.65,0.92,27.55,22.48,2.64
2025-04-12,2025,102,24.62,88.65,94.01,1.09,36.44,0.92,28.27,22.02,5.36
2025-04-13,2025,103,23.58,94.29,94.03,1.47,36.4,0.92,25.3,21.86,5.53
2025-04-14,2025,104,23.85,89.64,94.03,0.68,36.44,0.93,27.01,21.71,13.34
2025-04-15,2025,105,23.65,91.2,94.02,2.08,35.62,0.93,26.05,22.28,0.09
2025-04-16,2025,106,24.43,88.24,94.0,1.34,36.35,0.92,28.14,21.35,0.13
2025-04-17,2025,107,23.8,93.04,93.97,1.21,36.34,0.92,25.67,22.2,1.36
2025-04-18,2025,108,23.69,88.31,94.01,1.29,35.87,0.92,26.84,21.29,1.22
2025-04-19,2025,109,23.82,90.53,93.98,1.13,36.54,0.91,26.75,21.83,2.47
2025-04-20,2025,110,23.58,91.35,94.04,1.09,36.02,0.91,25.74,22.02,2.85
2025-04-21,2025,111,23.67,89.63,94.21,1.46,35.99,0.91,26.98,21.37,6.27
2025-04-22,2025,112,23.74,90.06,94.2,1.97,35.9,0.91,27.21,21.48,6.13
2025-04-23,2025,113,23.46,90.35,94.12,2.19,35.71,0.91,27.27,20.65,12.36
2025-04-24,2025,114,23.57,81.46,94.08,0.87,34.83,0.92,28.16,19.28,11.19
2025-04-25,2025,115,24.22,83.52,94.11,0.82,35.69,0.93,28.32,21.07,26.51
2025-04-26,2025,116,23.91,88.5,94.13,1.19,35.88,0.94,27.55,20.82,9.66
2025-04-27,2025,117,23.66,88.24,94.13,1.87,34.96,0.93,27.39,20.67,0.1
2025-04-28,2025,118,22.65,87.52,94.08,1.96,33.8,0.92,26.89,19.74,0.17
2025-04-29,2025,119,22.31,87.42,94.06,2.11,33.69,0.91,26.68,18.8,0.09
2025-04-30,2025,120,22.98,88.19,94.06,1.91,34.81,0.9,27.19,19.32,0.22
2025-05-01,2025,121,23.69,89.43,94.09,1.97,35.6,0.9,27.64,20.89,1.48
2025-05-02,2025,122,24.26,87.17,93.96,1.06,36.37,0.9,28.3,21.34,39.71
2025-05-03,2025,123,23.74,94.14,93.92,0.86,36.27,0.94,25.49,22.4,20.33
2025-05-04,2025,124,24.02,88.48,93.94,1.42,35.81,0.93,27.66,21.2,4.76
2025-05-05,2025,125,24.27,89.46,94.01,1.3,36.11,0.93,28.09,21.02,6.52
2025-05-06,2025,126,24.27,93.09,94.03,1.72,36.37,0.93,26.93,22.72,6.98
2025-05-07,2025,127,23.98,93.48,93.92,1.59,36.51,0.93,26.46,22.31,5.57
2025-05-08,2025,128,24.19,91.23,93.94,0.91,36.33,0.93,26.77,22.45,4.74
2025-05-09,2025,129,23.15,92.83,94.08,1.25,35.96,0.93,24.64,21.57,4.95
2025-05-10,2025,130,24.3,85.62,93.97,0.68,36.09,0.93,28.54,20.82,3.34
2025-05-11,2025,131,23.78,93.45,93.91,1.2,36.35,0.93,26.35,22.15,9.76
2025-05-12,2025,132,24.21,88.2,93.92,0.9,36.48,0.93,28.05,21.64,10.25
2025-05-13,2025,133,23.76,93.23,93.97,1.62,36.44,0.94,26.5,22.06,13.48
2025-05-14,2025,134,23.68,92.69,94.09,1.68,36.36,0.94,26.17,21.77,5.98
2025-05-15,2025,135,24.45,88.48,94.06,1.08,36.23,0.94,28.09,22.43,4.69
2025-05-16,2025,136,23.58,95.34,94.0,1.29,36.59,0.94,25.39,22.33,8.95
2025-05-17,2025,137,23.62,91.74,94.06,1.47,36.36,0.94,25.94,22.15,12.54
2025-05-18,2025,138,23.59,93.31,94.01,1.05,36.43,0.95,25.96,21.69,4.88
2025-05-19,2025,139,23.27,96.38,93.93,2.33,36.62,0.95,24.8,22.33,18.09
2025-05-20,2025,140,23.42,94.23,94.01,2.31,36.43,0.96,25.58,21.84,4.94
2025-05-21,2025,141,23.93,91.84,93.92,1.99,36.91,0.96,27.48,21.89,33.23
2025-05-22,2025,142,23.6,92.52,93.87,1.74,36.76,0.99,26.14,21.5,57.59
2025-05-23,2025,143,23.04,91.02,93.86,1.29,36.19,0.99,25.83,21.05,36.1
2025-05-24,2025,144,22.67,93.48,93.83,1.92,36.02,0.99,25.05,21.12,66.78
2025-05-25,2025,145,23.52,90.16,93.93,1.57,36.14,0.99,27.16,20.79,12.91
2025-05-26,2025,146,23.2,92.41,93.95,2.44,36.03,0.99,25.19,21.59,5.64
2025-05-27,2025,147,23.54,94.07,94.07,2.09,36.35,0.99,25.76,21.81,14.61
2025-05-28,2025,148,23.99,88.93,94.12,1.03,36.39,0.99,27.85,21.03,0.04
2025-05-29,2025,149,23.98,90.58,94.19,1.25,36.13,0.98,27.66,21.46,0.08
2025-05-30,2025,150,23.66,85.59,94.24,1.12,35.74,0.98,27.94,20.85,0.02
2025-05-31,2025,151,24.13,87.79,94.29,0.74,36.43,0.97,27.79,21.25,2.19
2025-06-01,2025,152,23.76,87.13,94.35,1.07,35.31,0.97,27.59,21.53,2.33
2025-06-02,2025,153,23.92,86.25,94.23,0.65,35.3,0.96,27.79,20.83,0.3
2025-06-03,2025,154,24.18,87.04,94.15,1.07,35.24,0.96,28.28,21.27,0.59
2025-06-04,2025,155,23.81,87.86,94.24,1.02,35.61,0.95,27.77,21.23,3.87
2025-06-05,2025,156,23.59,91.63,94.22,1.87,35.89,0.96,26.83,21.15,7.49
2025-06-06,2025,157,23.64,88.67,94.19,1.77,35.04,0.95,27.22,20.95,0.12
2025-06-07,2025,158,23.36,89.9,94.23,1.96,34.78,0.94,27.13,20.65,0.09
2025-06-08,2025,159,23.1,91.29,94.08,2.24,35.66,0.94,26.53,20.03,2.34
2025-06-09,2025,160,23.53,91.7,93.99,2.22,35.87,0.94,26.66,21.32,4.05
2025-06-10,2025,161,22.94,95.29,93.97,2.17,35.95,0.96,24.21,21.8,45.13
2025-06-11,2025,162,22.69,92.02,93.99,2.52,35.95,0.97,25.72,20.4,14.44
2025-06-12,2025,163,22.68,90.43,94.04,2.13,34.43,0.96,26.52,19.78,0.09
2025-06-13,2025,164,23.25,91.69,94.22,2.18,35.37,0.95,26.4,20.7,1.94
2025-06-14,2025,165,23.4,92.42,94.18,1.5,35.92,0.96,26.09,21.25,11.29
2025-06-15,2025,166,23.51,90.71,94.11,1.34,35.68,0.95,27.0,20.75,3.8
2025-06-16,2025,167,24.08,90.53,94.09,1.49,36.38,0.95,27.56,21.28,10.57
2025-06-17,2025,168,23.83,91.33,94.13,1.58,36.53,0.97,26.61,22.29,27.87
2025-06-18,2025,169,22.68,91.53,94.15,1.52,35.36,0.97,24.96,20.82,10.07
2025-06-19,2025,170,22.93,87.85,94.14,0.69,35.27,0.96,26.51,19.88,1.04
2025-06-20,2025,171,23.11,88.3,94.18,0.71,35.94,0.96,25.67,21.52,0.34
2025-06-21,2025,172,23.31,90.37,94.18,1.22,35.69,0.96,26.54,20.78,9.93
2025-06-22,2025,173,23.12,92.79,94.13,1.99,35.87,0.97,26.12,21.45,11.17
2025-06-23,2025,174,23.01,90.43,94.11,1.99,35.51,0.96,26.49,20.34,2.46
2025-06-24,2025,175,22.97,89.48,94.18,1.79,35.32,0.96,26.77,20.23,0.4
2025-06-25,2025,176,23.03,90.73,94.26,2.26,35.78,0.95,26.63,20.74,0.56
2025-06-26,2025,177,22.95,90.99,94.21,2.18,35.0,0.94,26.31,20.45,0.34
2025-06-27,2025,178,23.44,91.54,94.13,1.95,36.32,0.94,27.02,20.96,18.81
2025-06-28,2025,179,23.28,91.58,94.08,2.25,36.36,0.96,26.45,21.52,19.0
2025-06-29,2025,180,22.57,91.06,94.06,2.18,35.45,0.96,25.6,20.48,6.5
2025-06-30,2025,181,22.25,91.87,94.03,2.1,35.19,0.96,25.14,20.49,4.81
2025-07-01,2025,182,22.89,89.52,94.14,1.39,35.85,0.96,26.71,20.12,3.57
2025-07-02,2025,183,23.02,91.37,94.13,1.81,35.69,0.95,26.67,20.08,3.38
2025-07-03,2025,184,22.97,91.97,94.14,2.44,36.07,0.95,26.49,20.78,4.5
2025-07-04,2025,185,22.43,92.14,94.15,2.25,36.18,0.95,26.16,20.52,1.17
2025-07-05,2025,186,22.64,91.31,94.12,1.6,35.62,0.94,26.3,19.89,0.56
2025-07-06,2025,187,22.75,91.08,94.17,1.35,35.8,0.93,25.89,20.39,0.67
2025-07-07,2025,188,22.77,92.9,94.19,2.01,36.25,0.93,26.26,20.48,1.68
2025-07-08,2025,189,22.47,90.71,94.17,2.62,35.2,0.93,26.13,20.17,0.37
2025-07-09,2025,190,20.77,89.53,94.2,2.72,32.52,0.92,24.38,18.21,0.02
2025-07-10,2025,191,20.52,88.8,94.05,1.99,32.11,0.92,24.69,17.15,0.01
2025-07-11,2025,192,21.17,88.17,93.96,1.51,33.13,0.91,25.44,17.94,0.03
2025-07-12,2025,193,21.38,89.48,94.11,1.58,33.73,0.9,25.94,17.29,0.0
2025-07-13,2025,194,22.5,92.36,94.14,2.11,36.13,0.9,26.08,19.87,6.21
2025-07-14,2025,195,22.37,91.04,94.18,2.62,35.28,0.9,25.39,20.35,1.05
2025-07-15,2025,196,22.53,90.62,94.13,1.94,35.45,0.9,26.35,19.49,0.12
2025-07-16,2025,197,22.38,90.79,94.12,2.58,35.27,0.89,26.16,20.02,0.02
2025-07-17,2025,198,21.74,89.28,94.12,2.34,33.45,0.89,25.85,19.03,0.0
2025-07-18,2025,199,21.31,88.09,94.1,1.67,33.36,0.88,26.12,17.87,0.0
2025-07-19,2025,200,20.53,87.99,94.03,1.71,32.04,0.87,25.17,17.32,0.0
2025-07-20,2025,201,21.01,88.18,94.0,2.06,32.4,0.87,25.66,17.5,0.02
2025-07-21,2025,202,20.55,88.3,94.13,1.92,31.81,0.86,25.16,17.21,0.0
2025-07-22,2025,203,21.11,88.47,94.03,1.71,33.02,0.86,26.1,17.23,0.03
2025-07-23,2025,204,22.4,87.93,93.94,1.35,34.72,0.85,27.52,18.46,0.34
2025-07-24,2025,205,22.72,90.58,93.99,1.91,35.8,0.85,26.85,19.71,2.71
2025-07-25,2025,206,22.98,89.76,94.02,1.93,35.54,0.85,27.2,20.16,2.05
2025-07-26,2025,207,23.37,89.5,94.14,1.65,35.53,0.84,27.87,20.18,0.47
2025-07-27,2025,208,23.0,91.39,94.2,2.05,35.72,0.84,26.56,20.69,1.44
2025-07-28,2025,209,22.82,91.33,94.19,2.67,35.81,0.84,25.93,21.04,4.39
2025-07-29,2025,210,22.56,91.09,94.16,3.72,36.15,0.84,26.43,20.62,3.87
2025-07-30,2025,211,22.17,90.46,94.17,3.05,36.37,0.84,26.58,19.98,5.08
2025-07-31,2025,212,22.39,89.13,94.17,2.56,34.98,0.84,26.76,19.59,1.33
2025-08-01,2025,213,22.6,87.65,94.11,1.8,33.8,0.83,27.41,19.04,0.33
2025-08-02,2025,214,23.14,87.83,94.12,1.52,34.88,0.83,28.24,18.84,0.55
2025-08-03,2025,215,23.4,90.97,94.18,2.24,36.16,0.84,27.05,20.88,22.16
2025-08-04,2025,216,23.64,88.11,94.17,1.62,35.83,0.85,27.92,20.57,4.21
2025-08-05,2025,217,23.32,89.5,94.16,1.19,36.22,0.84,27.83,20.7,4.38
2025-08-06,2025,218,22.59,88.65,94.18,2.04,34.16,0.84,26.86,19.96,1.02
2025-08-07,2025,219,23.06,87.31,94.1,1.31,35.39,0.83,28.29,18.81,0.03
2025-08-08,2025,220,23.43,87.09,94.19,1.54,36.18,0.83,28.17,20.05,0.05
2025-08-09,2025,221,23.25,87.95,94.25,1.87,35.24,0.82,27.75,20.12,0.15
2025-08-10,2025,222,23.11,89.36,94.18,1.85,35.5,0.82,26.95,20.44,9.22
2025-08-11,2025,223,22.9,90.16,94.09,2.28,35.95,0.83,26.57,20.55,11.83
2025-08-12,2025,224,22.82,90.35,94.1,1.96,35.84,0.85,26.66,20.16,24.93
2025-08-13,2025,225,22.56,87.57,94.22,2.48,35.08,0.86,26.58,20.16,10.17
2025-08-14,2025,226,21.28,86.32,94.27,3.18,34.12,0.85,25.44,18.32,0.53
2025-08-15,2025,227,21.09,87.47,94.11,2.72,34.35,0.84,25.55,17.71,3.29
2025-08-16,2025,228,22.2,87.52,94.02,2.35,33.97,0.84,26.73,18.99,1.82
2025-08-17,2025,229,22.63,86.66,94.13,1.89,34.11,0.83,27.51,18.88,0.36
2025-08-18,2025,230,22.82,89.27,94.24,1.79,35.87,0.83,26.41,19.84,3.83
2025-08-19,2025,231,22.67,90.86,94.22,1.1,36.27,0.84,25.31,20.45,11.4
2025-08-20,2025,232,22.37,89.09,94.22,1.17,35.77,0.84,25.38,20.12,3.5
2025-08-21,2025,233,22.82,88.65,94.21,1.43,35.79,0.84,26.95,19.49,1.61
2025-08-22,2025,234,23.13,88.48,94.13,1.29,35.21,0.83,27.22,20.31,2.64
2025-08-23,2025,235,23.38,87.15,94.09,1.21,34.85,0.83,28.07,19.88,2.76
2025-08-24,2025,236,23.4,86.28,94.16,1.33,35.07,0.83,28.25,20.25,2.88
2025-08-25,2025,237,22.52,88.42,94.26,2.4,33.6,0.82,26.65,19.8,0.33
2025-08-26,2025,238,21.9,84.04,94.24,3.13,32.56,0.82,26.24,19.05,0.05
2025-08-27,2025,239,22.1,89.73,94.19,3.56,35.12,0.82,26.45,19.64,4.1
2025-08-28,2025,240,21.4,90.49,94.19,3.38,35.68,0.82,25.24,19.81,7.25
2025-08-29,2025,241,21.55,91.93,94.25,3.06,36.22,0.84,25.04,19.75,29.8
2025-08-30,2025,242,22.44,89.7,94.19,2.63,36.83,0.85,26.82,19.76,12.16
2025-08-31,2025,243,22.67,88.02,94.15,2.16,35.45,0.85,26.92,19.72,1.7
2025-09-01,2025,244,22.94,85.36,94.07,1.88,34.64,0.84,27.68,19.24,0.54
2025-09-02,2025,245,23.11,87.7,94.13,2.14,35.16,0.83,27.59,19.31,1.85
2025-09-03,2025,246,23.34,86.72,94.18,2.12,34.14,0.82,28.24,19.0,0.24
2025-09-04,2025,247,23.13,86.63,94.13,2.42,35.19,0.82,27.7,20.11,2.12
2025-09-05,2025,248,22.78,86.35,94.16,2.21,35.29,0.82,27.66,19.49,0.8
2025-09-06,2025,249,21.49,85.8,94.28,3.0,34.22,0.81,25.74,19.13,0.01
2025-09-07,2025,250,21.75,86.41,94.22,2.76,34.37,0.8,26.49,18.45,0.13
2025-09-08,2025,251,22.61,87.47,94.2,2.49,35.63,0.8,27.58,19.25,6.16
2025-09-09,2025,252,23.0,88.51,94.23,3.02,36.27,0.81,27.42,20.37,12.92
2025-09-10,2025,253,23.14,90.58,94.09,2.5,36.25,0.84,27.52,20.87,26.06
2025-09-11,2025,254,23.37,91.61,94.08,1.84,36.29,0.87,26.68,21.24,44.59
2025-09-12,2025,255,23.52,86.9,94.18,2.21,35.22,0.86,28.18,20.49,1.6
2025-09-13,2025,256,22.95,87.76,94.24,2.26,35.13,0.85,27.34,19.6,0.33
2025-09-14,2025,257,22.89,86.97,94.24,2.53,35.26,0.84,26.95,20.06,0.7
2025-09-15,2025,258,22.69,88.98,94.25,3.04,35.94,0.84,26.63,20.39,11.03
2025-09-16,2025,259,22.53,90.63,94.19,3.03,36.32,0.85,26.43,20.34,21.04
2025-09-17,2025,260,22.46,90.74,94.18,2.49,36.17,0.88,25.78,20.44,32.56
2025-09-18,2025,261,22.32,90.76,94.22,2.18,35.6,0.88,25.63,20.0,8.14
2025-09-19,2025,262,23.01,90.7,94.19,2.34,36.21,0.87,27.05,20.74,15.87
2025-09-20,2025,263,23.94,87.75,94.17,1.57,35.89,0.88,27.99,20.85,7.29
2025-09-21,2025,264,23.92,88.53,94.19,2.05,35.99,0.88,28.25,20.73,7.11
2025-09-22,2025,265,22.96,87.91,94.2,2.44,34.93,0.87,27.59,19.81,1.12
2025-09-23,2025,266,23.26,85.65,94.18,1.85,34.43,0.86,28.72,19.34,0.12
2025-09-24,2025,267,22.81,87.49,94.14,2.15,35.2,0.86,27.46,19.55,0.19
2025-09-25,2025,268,23.35,87.08,94.12,1.6,35.85,0.85,28.33,19.7,0.75
2025-09-26,2025,269,23.77,88.35,94.15,2.03,35.84,0.85,27.55,21.79,1.26
2025-09-27,2025,270,24.16,87.17,94.14,1.86,36.22,0.85,28.27,20.87,9.17
2025-09-28,2025,271,24.32,86.61,94.15,1.84,36.09,0.85,28.39,21.13,9.22
2025-09-29,2025,272,23.75,89.79,94.15,1.92,36.08,0.86,26.98,21.31,10.84
2025-09-30,2025,273,23.34,91.76,94.13,1.56,36.0,0.88,25.96,21.52,23.64
2025-10-01,2025,274,23.74,89.53,94.09,1.79,36.0,0.87,27.21,21.1,10.87
2025-10-02,2025,275,23.95,84.5,94.16,1.78,35.23,0.88,28.13,21.29,4.74
2025-10-03,2025,276,23.75,87.85,94.29,1.8,35.52,0.87,28.14,20.93,1.83
2025-10-04,2025,277,23.66,83.29,94.35,1.89,34.81,0.86,28.67,20.11,0.01
2025-10-05,2025,278,23.4,85.72,94.33,1.33,35.14,0.85,26.96,20.35,2.57
2025-10-06,2025,279,23.62,87.61,94.31,2.0,35.07,0.86,27.44,20.95,3.08
2025-10-07,2025,280,23.86,85.45,94.37,1.86,34.94,0.85,28.67,20.6,0.86
2025-10-08,2025,281,22.74,88.58,94.32,2.67,34.65,0.85,26.8,20.41,1.32
2025-10-09,2025,282,22.75,86.54,94.24,2.37,34.81,0.84,27.33,19.58,14.16
2025-10-10,2025,283,22.82,88.17,94.21,2.36,35.85,0.86,26.96,19.74,18.84
2025-10-11,2025,284,23.32,87.57,94.15,2.56,35.97,0.87,27.49,20.39,6.93
2025-10-12,2025,285,23.74,90.05,94.11,1.92,36.46,0.88,27.42,20.78,61.43
2025-10-13,2025,286,24.28,88.67,94.09,1.68,36.42,0.92,27.99,21.36,26.72
2025-10-14,2025,287,24.25,89.76,93.99,1.85,36.15,0.9,27.81,21.73,2.46
2025-10-15,2025,288,24.19,88.46,93.87,2.31,35.88,0.89,28.11,21.28,0.62
2025-10-16,2025,289,24.36,87.72,93.87,2.75,36.36,0.89,28.57,21.42,11.91
2025-10-17,2025,290,24.64,87.35,93.87,2.45,36.78,0.9,28.46,21.81,12.41
2025-10-18,2025,291,24.28,89.51,93.81,1.58,36.19,0.9,27.45,22.5,7.98
2025-10-19,2025,292,24.5,88.35,93.73,1.45,36.5,0.9,27.86,22.06,4.2
2025-10-20,2025,293,24.63,88.89,93.75,1.0,36.81,0.89,28.09,22.14,5.97
2025-10-21,2025,294,23.43,92.96,93.91,1.15,36.44,0.91,25.3,21.73,36.3
2025-10-22,2025,295,22.64,94.87,94.0,2.65,36.12,0.95,24.46,20.93,57.35
2025-10-23,2025,296,23.4,92.16,94.03,2.63,36.55,0.95,26.42,21.37,16.01
2025-10-24,2025,297,23.12,93.76,94.03,2.37,36.2,0.96,25.35,21.78,44.32
2025-10-25,2025,298,22.59,94.18,94.07,2.31,36.46,0.97,24.36,21.56,17.92
2025-10-26,2025,299,23.58,93.17,94.05,2.85,36.4,0.97,26.23,21.83,11.66
2025-10-27,2025,300,24.06,90.73,94.07,0.91,36.28,0.97,27.47,22.01,11.09
2025-10-28,2025,301,23.66,89.82,94.13,1.03,36.29,0.97,27.03,21.02,29.09
2025-10-29,2025,302,23.96,90.11,94.12,1.65,36.19,0.98,27.25,21.47,6.93
2025-10-30,2025,303,22.56,94.36,94.18,2.72,36.21,0.97,23.78,20.85,1.71
2025-10-31,2025,304,22.9,93.56,94.26,1.87,36.02,0.97,25.21,20.81,2.95
2025-11-01,2025,305,23.52,95.25,94.15,2.1,36.46,0.97,25.56,21.67,14.0
2025-11-02,2025,306,23.5,93.68,94.19,1.61,36.04,0.98,25.66,21.5,11.04
2025-11-03,2025,307,23.17,91.23,94.19,1.66,36.08,0.97,26.35,20.77,1.68
2025-11-04,2025,308,22.72,90.84,94.13,1.14,35.86,0.97,25.14,21.05,1.58
2025-11-05,2025,309,23.37,90.75,94.01,1.12,35.93,0.97,26.66,21.38,4.55
2025-11-06,2025,310,23.11,91.68,94.06,1.54,36.06,0.98,25.76,21.35,30.88
2025-11-07,2025,311,24.14,87.38,93.99,0.66,35.81,0.97,27.87,21.22,3.17
2025-11-08,2025,312,24.11,89.83,94.03,1.7,36.23,0.98,27.24,21.74,20.59
2025-11-09,2025,313,23.62,91.12,93.96,1.47,36.05,0.98,26.41,21.41,9.55
2025-11-10,2025,314,23.69,94.72,93.94,1.46,36.54,0.98,25.35,22.49,8.77
2025-11-11,2025,315,23.49,90.76,94.06,0.79,36.07,0.98,25.5,22.18,23.41
2025-11-12,2025,316,23.19,92.37,94.11,1.77,36.26,0.98,25.41,21.56,22.27
2025-11-13,2025,317,22.42,92.56,94.13,1.87,35.76,0.99,24.23,20.97,17.5
2025-11-14,2025,318,22.68,92.16,94.0,1.49,35.92,0.99,25.43,20.72,8.33
2025-11-15,2025,319,23.58,90.19,94.02,1.99,36.27,0.99,26.85,21.36,14.15
2025-11-16,2025,320,22.74,93.34,94.1,1.55,36.0,0.99,24.55,21.5,18.24
2025-11-17,2025,321,22.99,91.71,94.07,1.06,35.75,0.99,25.33,21.15,8.52
2025-11-18,2025,322,23.56,89.93,94.02,1.29,35.75,0.98,26.6,21.25,10.66
2025-11-19,2025,323,23.57,90.34,93.99,1.05,35.98,0.99,26.56,21.59,19.64
2025-11-20,2025,324,23.36,89.53,94.01,0.84,35.75,0.98,26.02,21.68,4.69
2025-11-21,2025,325,23.37,90.22,93.97,0.9,35.99,0.98,25.96,21.59,38.32
2025-11-22,2025,326,23.04,93.19,93.94,1.32,35.68,0.99,24.81,21.7,7.86
2025-11-23,2025,327,23.8,89.16,93.92,0.99,36.02,0.99,27.21,21.34,15.44
2025-11-24,2025,328,23.17,89.72,93.95,2.09,35.49,0.99,26.44,20.4,5.62
2025-11-25,2025,329,23.22,90.66,93.89,2.01,35.31,0.98,26.65,20.6,1.03
2025-11-26,2025,330,22.93,92.65,93.9,2.21,35.77,0.97,25.58,20.92,0.84
2025-11-27,2025,331,23.44,90.86,94.01,2.24,36.35,0.97,27.03,21.23,4.09
2025-11-28,2025,332,22.82,89.47,94.05,2.66,35.65,0.97,26.22,20.68,0.41
2025-11-29,2025,333,22.86,89.52,94.09,2.31,35.14,0.96,26.4,20.03,0.28
2025-11-30,2025,334,23.16,88.73,94.15,1.4,35.63,0.95,27.3,20.56,0.44
2025-12-01,2025,335,23.35,88.87,94.18,1.57,36.35,0.95,26.51,21.05,0.78
2025-12-02,2025,336,23.67,89.76,94.12,1.25,36.07,0.94,26.63,21.39,5.19
2025-12-03,2025,337,23.45,91.08,94.12,1.19,36.33,0.95,26.19,21.49,13.66
2025-12-04,2025,338,23.36,88.58,94.16,0.97,35.88,0.96,26.37,21.17,31.57
2025-12-05,2025,339,23.4,90.71,94.11,1.39,35.98,0.97,26.98,21.1,17.59
2025-12-06,2025,340,22.98,90.8,94.08,2.27,35.79,0.97,25.64,20.76,7.39
2025-12-07,2025,341,23.15,91.8,94.06,1.82,35.97,0.97,25.54,21.61,1.39
2025-12-08,2025,342,23.12,92.56,94.04,1.68,35.83,0.96,25.77,21.41,4.38
2025-12-09,2025,343,23.24,87.4,94.0,1.08,35.5,0.96,26.0,21.1,3.7
2025-12-10,2025,344,23.86,87.58,93.99,1.02,35.9,0.96,27.63,21.11,1.68
2025-12-11,2025,345,23.4,90.32,94.0,1.31,36.22,0.95,26.15,21.5,2.88
2025-12-12,2025,346,23.29,87.38,93.91,1.85,35.59,0.95,27.19,20.66,0.99
2025-12-13,2025,347,23.05,90.41,93.88,2.0,35.78,0.94,26.17,20.55,5.23
2025-12-14,2025,348,23.08,91.66,93.88,2.58,36.22,0.96,25.9,21.05,40.53
2025-12-15,2025,349,22.94,90.91,93.95,3.07,35.51,0.97,26.25,20.57,6.12
2025-12-16,2025,350,22.43,89.51,93.98,2.54,34.36,0.96,26.4,19.81,6.9
2025-12-17,2025,351,22.76,89.31,93.96,2.21,35.34,0.95,26.72,19.52,5.7
2025-12-18,2025,352,23.13,90.71,93.86,2.34,35.72,0.95,26.44,20.57,7.89
2025-12-19,2025,353,22.9,90.16,93.81,1.73,35.71,0.95,25.37,21.09,1.08
2025-12-20,2025,354,23.71,89.22,93.81,1.69,36.28,0.94,26.52,21.25,4.11
2025-12-21,2025,355,23.68,93.38,93.84,1.42,36.24,0.95,25.45,22.34,22.77
2025-12-22,2025,356,23.86,87.34,93.92,1.46,36.09,0.95,27.38,21.38,6.13
2025-12-23,2025,357,24.44,87.27,93.86,1.38,36.08,0.94,28.27,21.72,3.31
2025-12-24,2025,358,24.15,89.19,93.83,1.71,36.3,0.94,27.26,21.54,2.11
2025-12-25,2025,359,23.59,94.94,93.85,1.49,36.3,0.95,25.39,22.25,50.07
2025-12-26,2025,360,23.77,91.38,93.97,1.9,36.37,0.98,26.47,21.76,34.19
2025-12-27,2025,361,23.57,92.67,94.03,2.31,36.05,0.98,25.43,22.01,4.66
2025-12-28,2025,362,24.01,89.27,94.03,1.25,35.79,0.97,27.17,21.53,3.48
2025-12-29,2025,363,23.81,88.58,93.97,1.09,35.95,0.96,26.42,21.91,1.01
2025-12-30,2025,364,23.91,86.23,93.9,0.75,35.81,0.96,27.24,21.68,2.78
2025-12-31,2025,365,22.94,93.06,93.88,2.55,35.76,0.97,25.27,21.18,29.9
